﻿ID,ID_long,Location,Group_Fst,Group_ancestry,Group_phenotype,Phenotype,Latitude,Longitude,dist,Dino_Y_J_ancestry,Dino_R_ancestry,Dino_Y_M_ancestry,LAB_pca_PC1,c_CM026024.1_3082775,c_CM026024.1_3082744,c_CM026024.1_3082739,c_CM026024.1_3082776,c_CM026024.1_3082751,c_CM026024.1_3082780,c_CM026024.1_3082777,c_CM026024.1_3082965,CHR11_CM026004.1_30318410,CHR4_17938638,CHR4_17938639,CHR4_17938640,CHR4_17938643,Chr4_17938638,Chr4_17938639,Chr4_17938640,Chr4_17938643,Chr11_30318410,Chr31_3082739,Chr31_3082751,Chr31_3082744,Chr31_3082775,Chr31_3082776,Chr31_3082777,Chr31_3082780,c_32_5685152,c_32_5685389,c_32_5691189,c_32_5691250,c_32_5693798,012_CM026024.1_3082965,012_CM026024.1_2614543,012_CM026024.1_5793836,plot_order,Phenotype,c_11_30318172,c_11_30318176,c_11_30318177,c_11_30318314,c_11_30318316,c_11_30318333,c_11_30318335,c_11_30318395,c_11_30318402,c_11_30318410,c_11_30318419,stndized_read_dpth_CH4_17938638,stndized_read_dpth_CHR11_30318410,stndized_read_dpth_CHR31_3082775,Ind_stndized_read_dpth_CH4_17938638,Ind_stndized_read_dpth_CHR11_30318410,Ind_stndized_read_dpth_CHR31_3082775,mean_read_dpth_per_sample
MG28SF01,woodpeckers_LN_RR__Dino_MG28SF01,Mavadipuram_Palalei_Jaffna_NP,Dino_Y_J,Dino_Y_J,Dino_Y_J,yellow,9.805228,80.014058,23,0.99998,1.00E-05,1.00E-05,0.965006081,GC,GA,CT,CG,TA,AG,AG,NA,TT,AA,AA,GG,TT,0,0,0,0,0,1,1,1,1,1,1,1,0,0,0,0,0,-1,0,0,75,yellow,-1,-1,-1,0,0,1,1,1,0,0,1,20.7889,7.0062,3.3883,8.60683,2.90065,1.40277,17.1434
MI10SS01,woodpeckers_LN_RR_MI10SS01_Dino_Y,Malvil_Jaffna_NP,Dino_Y_J,Dino_Y_J,Dino_Y_J,yellow,9.580583,80.388917,64,0.99998,1.00E-05,1.00E-05,0.99519838,GC,GA,CT,CG,TA,AG,AG,GG,TT,AA,AA,GG,TT,0,0,0,0,0,1,1,1,1,1,1,1,0,0,1,0,0,0,0,0,76,yellow,0,0,0,0,0,1,1,1,0,0,1,2.412,1.9526,0.8614,2.04407,1.65473,0.730026,14.968
MI10SS04,woodpeckers_LN_RR_MI10SS04_Dino_Y,Point pedro_Jaffna_NP,Dino_Y_J,Dino_Y_J,Dino_Y_J,yellow,9.774942,80.127692,35,0.99998,1.00E-05,1.00E-05,2.418909551,GC,GA,CT,CG,TA,AG,AG,NA,CT,AA,AA,GG,TT,0,0,0,0,1,1,1,1,1,1,1,1,0,2,0,0,0,-1,0,0,80,yellow,1,1,1,1,1,1,1,1,0,1,1,0.1149,2.1248,0.4594,0.107224,1.98364,0.428895,15.6973
NB17SS01,woodpeckers_RR_GBS3_NB17SS01,Manna_pesalai_Mannar_NP,Dino_Y_M,Dino_Y_M,Dino_Y_M,yellow,9.08435,79.808847,24,1.00E-05,1.00E-05,0.99998,2.386680764,GC,GA,CT,CG,TA,AG,AG,GG,CT,TA,GA,CG,GT,1,1,1,1,1,1,1,1,1,1,1,1,0,0,0,0,-1,0,0,2,101,yellow,1,1,1,1,1,1,1,1,0,1,0,3.4457,3.6754,0.5169,3.55381,3.79073,0.533071,16.8833
NC15SS01,woodpeckers_LN_RR__Dino_NC15SS01,ThalaiMannar_Mannar_NP,Dino_Y_M,Dino_Y_M,Dino_Y_M,yellow,9.081839,79.733986,26,1.00E-05,1.00E-05,0.99998,1.648570042,GC,GA,CT,CG,TA,AG,AG,GG,CT,AA,AA,GG,TT,0,0,0,0,1,1,1,1,1,1,1,1,0,0,0,0,0,0,0,0,82,yellow,1,1,1,0,0,1,1,1,0,1,-1,1.608,0.6891,0.2297,3.11137,1.33344,0.444481,14.0107
NC22SS01,woodpeckers_LN_RR__Dino_NC22SS01,ThalaiMannar_Mannar_NP,Dino_Y_M,Dino_Y_M,Dino_Y_M,yellow,9.081839,79.733986,26,1.00E-05,1.00E-05,0.99998,0.655241942,GC,GA,CT,CG,TA,AG,AG,NA,CT,AA,AA,GG,TT,0,0,0,0,1,1,1,1,1,1,1,1,0,0,0,-1,0,-1,0,0,83,yellow,1,1,1,1,1,1,1,1,0,1,-1,2.1248,1.0337,0.3446,2.90625,1.41385,0.471283,14.7371
NC23SS01,woodpeckers_RR_GBS3_NC23SS01,Mannar_NP,Dino_H,Dino_Y_M,Dino_H,orange,9.004981,79.853208,25,1.00E-05,1.00E-05,0.99998,0.26473018,GG,AA,TT,GG,AA,GG,GG,GG,CT,AA,AA,GG,TT,0,0,0,0,1,2,2,2,0,2,2,2,1,0,0,0,0,0,0,0,13,orange,1,1,1,1,1,1,1,1,0,1,-1,1.608,1.9526,0.1149,1.77875,2.15991,0.127054,15.7414
NC23SS02,woodpeckers_LN_RR_NC23SS02_Dino_Y,Mannar_NP,Dino_Y_M,Dino_Y_M,Dino_Y_M,yellow,9.004981,79.853208,25,1.00E-05,1.00E-05,0.99998,0.532642934,GC,GA,CT,CG,TA,AG,AG,NA,CT,AA,AA,GG,TT,0,0,0,0,1,1,1,1,1,1,1,1,0,0,0,0,0,-1,0,1,84,yellow,1,1,1,1,1,1,1,1,0,1,-1,0.0574,1.7803,0.5169,0.0612914,1.90003,0.551623,11.2618
PD01RWR01,woodpeckers_LN_RR__Dino_PD01RWR01,Mannar,Dino_Y_M,Dino_Y_M,Dino_H,orange,9.081839,79.733986,26,1.00E-05,1.00E-05,0.99998,-0.101566953,GG,AA,TT,GG,AA,GG,GG,NA,CT,AA,AA,GG,TT,0,0,0,0,1,2,2,2,0,2,2,2,0,0,0,0,0,-1,0,0,15,orange,1,1,1,1,1,1,1,1,0,1,-1,5.1111,1.4357,1.1486,6.42697,1.80533,1.44426,15.5962
QJ14SS01,woodpeckers_LN_RR__Dino_QJ14SS01,Thondamanaru_Jaffna_NP,Dino_Y_J,Dino_Y_J,Dino_Y_J,yellow,9.815958,80.026917,24,0.99998,1.00E-05,1.00E-05,-0.356556802,GC,GA,CT,CG,TA,AG,AG,NA,CT,AA,AA,GG,TT,0,0,0,0,1,1,1,1,1,1,1,1,1,0,0,0,0,-1,0,0,86,yellow,1,1,1,0,0,1,1,1,0,1,-1,1.0911,1.206,0.5743,0.936482,1.03506,0.492885,14.4177
UC19RR01,woodpeckers_RR_GBS3_UC19RR01,Urumalai_Mannar,Dino_Y_M,Dino_Y_M,Dino_H,orange,9.081222,79.698542,28,1.00E-05,1.00E-05,0.99998,2.054433688,GG,AA,TT,GG,AA,GG,GG,GG,CT,AA,AA,GG,TT,0,0,0,0,1,2,2,2,0,2,2,2,0,0,0,0,0,0,0,1,17,orange,1,1,1,1,1,1,1,1,0,1,-1,5.5131,5.1685,0.4594,4.72453,4.42924,0.39371,20.3195
UC19RR02,woodpeckers_RR_GBS3_UC19RR02,Urumalai_Mannar,Dino_Y_M,Dino_Y_M,Dino_Y_M,yellow,9.081222,79.698542,28,1.00E-05,1.00E-05,0.99998,3.128597105,NA,NA,NA,NA,NA,NA,NA,GA,CT,AA,AA,GG,TT,0,0,0,0,1,-1,-1,-1,-1,-1,-1,-1,0,0,0,0,0,1,0,0,73,yellow,1,1,1,1,1,1,1,1,0,1,-1,2.5843,2.5843,0,2.63075,2.63075,0,17.1054
UC19RR03,woodpeckers_RR_GBS3_UC19RR03,Urumalai_Mannar,Dino_Y_M,Dino_Y_M,Dino_Y_M,yellow,9.093729,79.70477,27,1.00E-05,1.00E-05,0.99998,1.786257849,GC,GA,CT,CG,TA,AG,AG,AA,CT,TA,GA,CG,GT,1,1,1,1,1,1,1,1,1,1,1,1,1,0,0,0,0,2,0,0,102,yellow,1,1,1,1,1,1,1,1,0,1,-1,1.4357,3.7328,1.8951,1.63937,4.26235,2.16396,15.2498
UC20RR01,woodpeckers_RR_GBS3_UC20RR01,Pesalai_Mannar,Dino_Y_M,Dino_Y_M,Dino_H,orange,9.08955,79.811754,24,1.00E-05,1.00E-05,0.99998,0.151392564,GC,GA,CT,CG,TA,AG,AG,GG,CT,AA,AA,GG,TT,0,0,0,0,1,1,1,1,1,1,1,1,0,0,0,0,0,0,0,0,10,orange,1,1,1,1,1,1,1,1,0,1,1,3.1011,7.9825,0.3446,2.5742,6.62618,0.286022,20.9774
UC20RR02,woodpeckers_RR_GBS3_UC20RR02,Pesalai_Mannar,Dino_Y_M,Dino_Y_M,Dino_Y_M,yellow,9.08955,79.811754,24,1.00E-05,1.00E-05,0.99998,1.176454564,GC,GA,CT,CG,TA,AG,AG,AA,CT,TA,GA,CG,GT,1,1,1,1,1,1,1,1,1,1,1,1,1,0,0,0,0,2,0,1,103,yellow,1,1,1,1,1,1,1,1,0,1,-1,1.6654,2.6417,0.5169,2.14033,3.39501,0.664241,13.5493
UC20RR03,woodpeckers_RR_GBS3_UC20RR03,Pesalai_Mannar,Dino_Y_M,Dino_Y_M,Dino_Y_M,yellow,9.063405,79.815595,24,1.00E-05,1.00E-05,0.99998,2.424473873,CC,GG,CC,CC,TT,AA,AA,GA,CT,TA,GA,CG,GT,1,1,1,1,1,0,0,0,2,0,0,0,0,0,0,0,0,1,0,1,99,yellow,1,1,1,1,1,1,1,1,0,1,-1,5.5705,4.7091,1.608,4.33421,3.66397,1.25111,22.3801
UC20RR04,woodpeckers_RR_GBS3_UC20RR04,Pesalai_Mannar,Dino_Y_M,Dino_Y_M,Dino_H,orange,9.049201,79.806392,24,1.00E-05,1.00E-05,0.99998,0.936712321,GG,AA,TT,GG,AA,GG,GG,GA,CT,AA,AA,GG,TT,0,0,0,0,1,2,2,2,0,2,2,2,1,-1,0,0,0,1,0,1,18,orange,1,1,1,1,1,1,1,1,0,1,0,5.0537,6.7191,0.6891,4.27388,5.68231,0.582802,20.5902
UC20RR05,woodpeckers_RR_GBS3_UC20RR05,Pesalai_Mannar,Dino_Y_M,Dino_Y_M,Dino_Y_M,yellow,9.049201,79.806392,24,1.00E-05,1.00E-05,0.99998,1.960026046,GG,GA,CT,GG,AA,GG,GG,GA,CT,TA,GA,CG,GT,1,1,1,1,1,1,2,1,0,2,2,2,0,0,0,0,0,1,0,1,104,yellow,1,1,1,1,1,1,1,1,0,1,0,3.8477,6.6617,0.2871,3.53681,6.12344,0.263941,18.9436
UC20RR06,woodpeckers_RR_GBS3_UC20RR06,Pesalai_Mannar,Dino_Y_M,Dino_Y_M,Dino_Y_M,yellow,9.075595,79.845626,24,1.00E-05,1.00E-05,0.99998,0.123025808,GG,AA,TT,GG,AA,GG,GG,GG,CT,AA,AA,GG,TT,0,0,0,0,1,2,2,2,0,2,2,2,0,0,0,0,-1,0,-1,-1,93,yellow,2,2,2,1,1,1,1,1,0,1,0,1.0337,6.2022,0.1149,1.29177,7.7506,0.14353,13.9344
UC20RR07,woodpeckers_RR_GBS3_UC20RR07,Pesalai_Mannar,Dino_Y_M,Dino_Y_M,Dino_Y_M,yellow,9.075595,79.845626,24,1.00E-05,1.00E-05,0.99998,2.146948948,GG,AA,TT,GG,AA,GG,GG,GG,CT,AA,AA,GG,TT,0,0,0,0,1,2,2,2,0,2,2,2,0,0,-1,-1,0,0,0,2,94,yellow,-1,-1,-1,1,1,1,1,1,0,1,-1,2.2397,1.8951,0.3446,2.85152,2.41283,0.438696,13.6769
UD30RR01,woodpeckers_RR_GBS3_UD30RR01,Pokkaruppu_Chundikulam_Jaffna,Dino_Y_J,Dino_Y_J,Dino_Y_J,yellow,9.54983,80.497879,77,0.99998,1.00E-05,1.00E-05,1.390129626,GC,GA,CT,CG,TA,AG,AG,AA,CT,AA,AA,GG,TT,0,0,0,0,1,1,1,1,1,1,1,1,0,0,0,0,0,2,0,0,88,yellow,1,1,1,1,1,1,1,1,0,1,1,1.1486,3.5031,0.5169,1.35647,4.13722,0.61041,14.7442
UD30RR02,woodpeckers_RR_GBS3_UD30RR02,Pokkaruppu_Chundikulam_Jaffna,Dino_Y_J,Dino_Y_J,Dino_Y_J,yellow,9.54983,80.497879,77,0.99998,1.00E-05,1.00E-05,0.974540986,GG,GA,CT,GG,AA,GG,GG,GG,CT,TA,GA,CG,GT,1,1,1,1,1,1,2,1,0,2,2,2,0,0,0,0,0,0,0,0,105,yellow,1,1,1,1,1,1,1,1,0,1,0,5.1685,5.6854,0.2871,4.5607,5.01677,0.253372,19.7338
UD30RR03,woodpeckers_RR_GBS3_UD30RR03,Point_Pedro_Jaffna,Dino_Y_J,Dino_Y_J,Dino_Y_J,yellow,9.814898,80.25326,49,0.99998,1.00E-05,1.00E-05,1.867588053,GG,GA,CT,CG,TA,AG,AG,GG,CT,TA,GA,CG,GT,1,1,1,1,1,1,1,1,0,1,1,1,0,0,0,0,0,0,0,0,106,yellow,-1,-1,-1,1,1,1,1,1,0,1,-1,7.5231,8.1548,0.6317,5.75829,6.24181,0.483521,22.7498
UE01RR01,woodpeckers_RR_GBS3_UE01RR01,Chavakachcheri_Jaffna,Dino_Y_J,Dino_Y_J,Dino_Y_J,yellow,9.665979,80.120956,35,0.99998,1.00E-05,1.00E-05,1.421894809,GG,AA,TT,GG,AA,GG,GG,GG,CT,AA,AA,GG,TT,0,0,0,0,1,2,2,2,0,2,2,2,0,0,1,0,0,0,0,1,95,yellow,1,1,1,1,1,1,1,1,0,1,1,2.2397,5.4557,0.9188,2.10805,5.135,0.864841,18.5005
UE01RR02,woodpeckers_RR_GBS3_UE01RR02,Chavakachcheri_Jaffna,Dino_Y_J,Dino_Y_J,Dino_Y_J,yellow,9.665979,80.120956,35,0.99998,1.00E-05,1.00E-05,1.214304085,GG,AA,TT,GG,AA,GG,GG,GG,CT,AA,AA,GG,TT,0,0,0,0,1,2,2,2,0,2,2,2,0,0,0,0,1,0,0,0,96,yellow,-1,-1,-1,1,1,1,1,1,0,1,1,4.3645,4.1348,1.0337,3.59357,3.40443,0.851108,21.1489
UE01RR03,woodpeckers_RR_GBS3_UE01RR03,Kaithady_Chavakachcheri_Jaffna,Dino_Y_J,Dino_Y_J,Dino_Y_J,yellow,9.686,80.093502,32,0.99998,1.00E-05,1.00E-05,2.214882216,GC,GA,CT,CG,TA,AG,AG,GA,CT,AA,AA,GG,TT,0,0,0,0,1,1,1,1,1,1,1,1,0,0,0,0,0,1,0,0,89,yellow,1,1,1,1,1,1,1,1,0,1,-1,2.8714,3.7328,0.7466,3.09561,4.02429,0.804859,16.1519
UE01RR04,woodpeckers_RR_GBS3_UE01RR04,Kaithady_Chavakachcheri_Jaffna,Dino_Y_J,Dino_Y_J,Dino_Y_J,yellow,9.686,80.093502,32,0.99998,1.00E-05,1.00E-05,3.447710331,CC,GG,CC,CC,TT,AA,AA,GA,CT,TA,GA,CG,GT,1,1,1,1,1,0,0,0,2,0,0,0,0,0,0,0,1,1,0,1,100,yellow,1,1,1,1,1,1,1,1,0,1,-1,1.3208,2.814,0.2871,1.49882,3.19314,0.325831,15.3454
QJ14SS02,woodpeckers_LN_RR__Dino_QJ14SS02,Thondamanaru_Jaffna_NP,Dino_Y_J,Dino_Y_J,Dino_Y_J,yellow,9.815958,80.026917,24,0.999979,1.10E-05,1.00E-05,1.197266493,GC,GA,CT,CG,TA,AG,AG,AA,CT,AA,AA,GG,TT,0,0,0,0,1,1,1,1,1,1,1,1,0,1,0,0,0,2,0,0,87,yellow,1,1,1,1,1,1,1,1,0,1,-1,2.0674,1.206,1.0911,2.07074,1.20793,1.09289,42.0596
MI10SS02,woodpeckers_LN_RR__Dino_MI10SS02,Iyakachichi_Jaffna_NP,Dino_Y_J,Dino_Y_J,Dino_Y_J,yellow,9.578306,80.384772,64,0.999974,1.60E-05,1.00E-05,2.112940603,GC,GA,CT,CG,TA,AG,AG,AA,CT,NA,NA,NA,NA,-1,-1,-1,-1,1,1,1,1,1,1,1,1,0,-1,0,0,0,2,0,0,108,yellow,-1,-1,-1,0,0,1,1,1,0,1,0,0,2.7565,1.4931,0,2.19699,1.19003,13.7048
UD30RR04,woodpeckers_RR_GBS3_UD30RR04,Point_Pedro_Jaffna,Dino_Y_J,Dino_H,Dino_Y_J,yellow,9.816647,80.252131,49,0.55378,0.388737,0.057483,3.147537507,GC,GA,CT,CG,TA,AG,AG,GA,CT,TA,GA,CG,GT,1,1,1,1,1,1,1,1,1,1,1,1,0,0,0,0,1,1,1,0,107,yellow,1,1,1,1,1,1,1,1,0,1,1,1.3783,1.2634,0.6891,1.65683,1.51876,0.828415,14.4855
PD02RWR02,woodpeckers_LN_RR_PD02RWR02_Dino_Y,Mannar,Dino_Y_M,Dino_H,Dino_Y_M,yellow,9.006633,79.09565,85,0.082978,0.553914,0.363108,1.726027787,GG,AA,TT,GG,AA,GG,GG,GA,CT,AA,AA,GG,TT,0,0,0,0,1,2,2,2,0,2,2,2,0,0,0,0,0,1,0,1,92,yellow,1,1,1,1,1,1,1,1,0,1,1,0.1723,2.8714,0.402,0.177496,2.95826,0.414157,27.1699
PC06SS01,woodpeckers_LN_RR_PC06SS01_Dino_H,Chundikulam,Dino_H,Dino_H,Dino_H,orange,9.506322,80.551386,83,0.318019,0.591911,0.09007,-0.873659008,GG,AA,TT,GG,AA,GG,GG,GG,TT,AA,AA,GG,TT,0,0,0,0,0,2,2,2,0,2,2,2,0,1,0,0,0,0,0,0,5,orange,1,1,1,1,1,1,1,1,0,0,1,1.206,1.0337,0.9188,1.13051,0.969008,0.86134,20.6466
UE07RR04,woodpeckers_RR_GBS3_UE07RR04,Kanakarayankulam_Vavuniya,Dino_Y_Sym,Dino_H,Dino_Y_Sym,yellow,9.03203,80.31301,60,0.264424,0.602348,0.133228,1.159571506,GG,AA,TT,GG,AA,GG,GG,GG,CT,AA,AA,GG,TT,0,0,0,0,1,2,2,2,0,2,2,2,0,0,0,0,0,0,2,-1,98,yellow,1,1,1,1,1,1,1,1,0,1,1,1.8377,14.5867,1.2634,1.19121,9.45524,0.818958,26.8634
MI11SS01,woodpeckers_LN_RR_MI11SS01_Dino_Y,Near to the Eranamadu tank_Kilinochchi_NP,Dino_Y_Sym,Dino_H,Dino_Y_Sym,yellow,9.350347,80.4165,69,0.280086,0.6143,0.105614,0.802644315,GC,GA,CT,CG,TA,AG,AG,NA,CT,AA,AA,GG,TT,0,0,0,0,1,1,1,1,1,1,1,1,1,0,0,0,0,-1,1,0,81,yellow,1,1,1,1,1,1,1,1,0,1,-1,1.206,0.8614,0.5743,1.53231,1.09451,0.729671,8.99925
UE02RR02,woodpeckers_RR_GBS3_UE02RR02,Iranamadu_tank_Kilinochchi,Dino_H,Dino_H,Dino_H,orange,9.316897,80.436767,71,0.250247,0.640748,0.109005,NA,GG,AA,TT,GG,AA,GG,GG,GA,CT,AA,AA,GG,TT,0,0,0,0,1,2,2,2,0,2,2,2,0,0,0,0,0,1,0,0,24,orange,1,1,1,1,1,1,1,1,0,1,1,1.7803,6.2597,0.8614,1.56843,5.5148,0.758917,19.765
UE02RR03,woodpeckers_RR_GBS3_UE02RR03,Mannakulam_Mulativu,Dino_Y_Sym,Dino_H,Dino_Y_Sym,yellow,9.080748,80.465277,75,0.214665,0.663244,0.122091,NA,GG,AA,TT,GG,AA,GG,GG,GG,CT,AA,AA,GG,TT,0,0,0,0,1,2,2,2,0,2,2,2,0,1,0,0,0,0,0,0,97,yellow,1,1,1,1,1,1,1,1,0,1,1,3.216,3.7328,0.4594,3.37539,3.91786,0.482198,16.5907
UE07RR03,woodpeckers_RR_GBS3_UE07RR03,Palayawadi_Kulam_Puliyakulam_Vavuniya,Dino_H,Dino_H,Dino_H,orange,8.95045,80.33,62,0.210213,0.667844,0.121942,0.366759489,GC,GA,CT,CG,TA,AG,AG,GA,TT,AA,AA,GG,TT,0,0,0,0,0,1,1,1,1,1,1,1,0,0,0,0,1,1,0,0,3,orange,1,1,1,1,1,1,1,1,0,0,1,5.9725,9.3033,1.5506,4.25652,6.63035,1.10506,24.4331
UE02RR01,woodpeckers_RR_GBS3_UE02RR01,Iranamadu_tank_Kilinochchi,Dino_Y_Sym,Dino_H,Dino_Y_Sym,yellow,9.316897,80.436767,71,0.231622,0.668268,0.10011,1.697692315,NA,NA,NA,NA,NA,NA,NA,NA,TT,TA,GA,CG,GT,1,1,1,1,0,-1,-1,-1,-1,-1,-1,-1,-1,0,-1,-1,1,-1,1,1,72,yellow,2,2,2,0,0,2,2,2,0,0,-1,0.5743,0.1149,0,4.56067,0.912134,0,2.19266
UE07RR01,woodpeckers_RR_GBS3_UE07RR01,Nambankulam_Mullativu,Dino_H,Dino_H,Dino_H,orange,8.850974,80.508862,81,0.228097,0.669806,0.102097,0.746138333,GG,AA,TT,GG,AA,GG,GG,GG,TT,AA,AA,GG,TT,0,0,0,0,0,2,2,2,0,2,2,2,0,0,0,0,0,0,0,0,7,orange,1,1,1,1,1,1,1,1,0,0,1,4.4794,5.226,0.804,4.43462,5.17372,0.795957,17.5889
UE07RR02,woodpeckers_RR_GBS3_UE07RR02,Maruthankulam_Vavuniya,Dino_Y_Sym,Dino_H,Dino_Y_Sym,yellow,8.86674,80.525917,83,0.212747,0.67321,0.114042,1.140641532,GC,GA,CT,CG,TA,AG,AG,GG,CT,AA,AA,GG,TT,0,0,0,0,1,1,1,1,1,1,1,1,0,1,0,0,0,0,0,0,90,yellow,1,1,1,1,1,1,1,1,0,1,1,0.2871,2.5268,0.9188,0.3118,2.74384,0.997761,16.0359
UC30RR01,woodpeckers_RR_GBS3_UC30RR01,Parakramapura_Anuradhapura,Dino_H,Dino_H,Dino_H,orange,8.913931,80.775456,109,0.205853,0.691955,0.102192,0.085351678,GG,AA,TT,GG,AA,GG,GG,GG,CT,AA,AA,GG,TT,0,0,0,0,1,2,2,2,0,2,2,2,0,1,0,1,0,0,0,0,20,orange,0,0,0,1,1,1,1,1,0,1,0,5.2834,5.9725,0.5743,4.49563,5.08202,0.488656,20.4643
UE09RR03,woodpeckers_RR_GBS3_UE09RR03,Muthaliyakulam_Vavuniya,Dino_H,Dino_H,Dino_H,orange,8.636853,80.316098,63,0.165764,0.69514,0.139096,1.163387554,GC,GA,CT,CG,TA,AG,AG,GA,CT,AA,AA,GG,TT,0,0,0,0,1,1,1,1,1,1,1,1,0,0,0,0,0,1,0,0,11,orange,1,1,1,1,1,1,1,1,0,1,1,2.2971,6.6042,0.9188,1.96799,5.65797,0.787196,20.3253
UC30RR04,woodpeckers_RR_GBS3_UC30RR04,Bogahawewa_Padaviya_Anuradhapura,Dino_R_Sym,Dino_H,Dino_R_Sym,red,8.813148,80.782098,110,0.183489,0.719043,0.097468,-0.873659008,GG,AA,TT,GG,AA,GG,GG,GA,TT,AA,AA,GG,TT,0,0,0,0,0,2,2,2,0,2,2,2,0,1,0,0,0,1,0,0,61,red,1,1,1,1,1,1,1,1,0,0,1,1.4931,5.7428,0.3446,1.34454,5.17133,0.31028,19.3374
UE07RR05,woodpeckers_RR_GBS3_UE07RR05,Nochchimoddai_Vavuniya,Dino_R_Sym,Dino_H,Dino_R_Sym,red,8.800783,80.495846,80,0.18634,0.719564,0.094097,-1.147486865,GG,AA,TT,GG,AA,GG,GG,GG,CT,AA,AA,GG,TT,0,0,0,0,1,2,2,2,0,2,2,2,0,0,0,0,0,0,0,0,68,red,1,1,1,1,1,1,1,1,0,1,1,4.0774,5.2834,0.6891,3.90866,5.06474,0.660618,18.1648
UC30RR02,woodpeckers_RR_GBS3_UC30RR02,Padaviya_tank_Anuradhapura,Dino_H,Dino_H,Dino_H,orange,8.827687,80.772686,109,0.189903,0.720643,0.089454,-0.573465329,GG,AA,TT,GG,AA,GG,GG,GG,CT,AA,AA,GG,TT,0,0,0,0,1,2,2,2,0,2,2,2,0,1,0,0,0,0,0,0,21,orange,1,1,1,1,1,1,1,1,0,1,1,1.4931,2.1823,0.804,1.99494,2.91568,1.0742,13.033
UC30RR03,woodpeckers_RR_GBS3_UC30RR03,Bogahawewa_Padaviya_Anuradhapura,Dino_R_Sym,Dino_H,Dino_R_Sym,red,8.813148,80.782098,110,0.18595,0.722014,0.092035,-1.200393901,GG,AA,TT,GG,AA,GG,GG,GG,TT,AA,AA,GG,TT,0,0,0,0,0,2,2,2,0,2,2,2,0,0,0,0,0,0,0,0,60,red,1,1,1,1,1,1,1,1,0,0,1,1.9526,8.4993,1.6654,1.39677,6.08008,1.19137,24.3418
UE09RR02,woodpeckers_RR_GBS3_UE09RR02,Muthaliyakulam_Vavuniya,Dino_Y_Sym,Dino_H,Dino_Y_Sym,yellow,8.636853,80.316098,63,0.159995,0.723044,0.116961,1.231253982,GC,GA,CT,CG,TA,AG,AG,GA,CT,AA,AA,GG,TT,0,0,0,0,1,1,1,1,1,1,1,1,0,0,0,0,1,1,0,0,91,yellow,1,1,1,1,1,1,1,1,1,1,1,0.402,5.7428,1.0911,0.392941,5.61344,1.06655,17.8144
UC29RR04,woodpeckers_RR_GBS3_UC29RR04,Kahatagollawa_Anuradhapura,Dino_H,Dino_H,Dino_H,orange,8.72304,80.784159,111,0.205517,0.724733,0.06975,-0.456461927,GG,AA,TT,GG,AA,GG,GG,GG,CT,AA,AA,GG,TT,0,0,0,0,1,2,2,2,0,2,2,2,0,0,0,0,0,0,0,0,19,orange,1,1,1,1,1,1,1,1,0,1,-1,4.7665,9.3033,0.6891,3.68561,7.19361,0.53286,22.52
UC29RR03,woodpeckers_RR_GBS3_UC29RR03,Kahatagollawa_Anuradhapura,Dino_R_Sym,Dino_H,Dino_R_Sym,red,8.72304,80.784159,111,0.198227,0.737868,0.063905,-0.841595184,GG,AA,TT,GG,AA,GG,GG,GG,TT,NA,NA,NA,NA,-1,-1,-1,-1,0,2,2,2,0,2,2,2,0,0,0,0,0,0,-1,-1,43,red,1,1,1,1,1,1,1,1,0,0,1,0,8.7865,0.6891,0,8.82099,0.691842,17.345
UC29RR02,woodpeckers_RR_GBS3_UC29RR02,Anaolandawa_Horowpathana_Anuradhapura,Dino_R_Sym,Dino_H,Dino_R_Sym,red,8.38588,80.799749,115,0.172758,0.741688,0.085554,-1.03230285,GG,AA,TT,GG,AA,GG,GG,GG,TT,AA,AA,GG,TT,0,0,0,0,0,2,2,2,0,2,2,2,0,0,0,0,0,0,0,0,59,red,1,1,1,1,1,1,1,1,0,0,1,3.0437,4.3071,1.1486,3.24608,4.59351,1.22493,16.3274
QI05SS01,woodpeckers_RR_GBS3_QI05SS01,Kokunnewa_Nochchiyagama_NWP,Dino_Y_Sym,Dino_H,Dino_Y_Sym,yellow,8.490556,80.227558,57,0.102302,0.745358,0.15234,0.723438295,GG,GA,CT,GG,AA,GG,GG,GA,CT,AA,AA,GG,TT,0,0,0,0,1,1,2,1,0,2,2,2,0,0,0,0,0,1,0,0,85,yellow,1,1,1,1,1,1,1,1,0,1,1,1.7803,7.8102,0.6317,1.3796,6.05246,0.489537,22.4702
UC28RR02,woodpeckers_RR_GBS3_UC28RR02,Kahatagasdigiya_Anuradhapura,Dino_H,Dino_H,Dino_H,orange,8.43448,80.704597,104,0.146052,0.757673,0.096275,-0.562136166,NA,NA,NA,NA,NA,NA,NA,GG,CT,AA,AA,GG,TT,0,0,0,0,1,-1,-1,-1,-1,-1,-1,-1,0,0,0,0,-1,0,-1,-1,26,orange,1,1,1,1,1,1,1,1,0,1,1,4.02,7.5231,0,3.94889,7.39007,0,17.7265
UC29RR01,woodpeckers_RR_GBS3_UC29RR01,Horowpathana_Anuradhapura,Dino_R_Sym,Dino_H,Dino_R_Sym,red,8.542084,80.825901,117,0.141963,0.761081,0.096956,-1.053058367,NA,NA,NA,NA,NA,NA,NA,GG,TT,AA,AA,GG,TT,0,0,0,0,0,-1,-1,-1,-1,-1,-1,-1,0,0,0,0,0,0,0,2,30,red,1,1,1,1,1,1,1,1,0,0,1,2.9863,8.2696,0,2.26974,6.28544,0,22.9101
UC28RR01,woodpeckers_RR_GBS3_UC28RR01,Seeppukulama_Thammannawa_Anuradhapura,Dino_Y_Sym,Dino_H,Dino_Y_Sym,yellow,8.386715,80.586915,92,0.146473,0.761902,0.091624,0.746127905,GC,GA,CC,CG,TA,AG,AG,GA,TT,AA,AA,GG,TT,0,0,0,0,0,0,1,1,1,1,1,1,0,0,0,0,0,1,-1,0,74,yellow,1,1,1,1,1,1,1,1,0,0,1,3.0437,19.9275,1.2634,1.79145,11.7289,0.74362,29.585
MH29SF04,woodpeckers_LN_RR__Dino_MH29SF04,Idigaspothana_Pahala Thalawa_Anuradapura_NCP,Dino_H,Dino_H,Dino_H,orange,8.240997,80.301114,66,0.158754,0.767089,0.074157,-0.681441025,GG,GA,CT,CG,TA,AG,AG,GG,TT,AA,AA,GG,TT,0,0,0,0,0,1,1,1,0,1,1,1,0,0,0,0,0,0,0,-1,2,orange,1,1,1,1,1,0,0,1,0,0,1,2.1248,3.7328,0.6317,2.80733,4.93179,0.834611,14.9017
QI05SS03,woodpeckers_LN_RR__Dino_QI05SS03,Oyamaduwa_Nochchiyagama_NWP,Dino_Y_Sym,Dino_H,Dino_Y_Sym,yellow,8.436556,80.262294,61,0.149287,0.768009,0.082705,2.375439296,GC,GA,CT,CG,TA,AG,AG,NA,TT,AA,AA,GG,TT,0,0,0,0,0,1,1,1,1,1,1,1,0,0,0,0,0,-1,0,0,77,yellow,-1,-1,-1,1,1,1,1,1,0,0,0,1.3783,1.7228,1.5506,1.8028,2.2535,2.02815,9.0533
UD23RR01,woodpeckers_RR_GBS3_UD23RR01,Pahala_Maragaswewa_Anuradhapura,Dino_H,Dino_H,Dino_H,orange,8.251102,80.134719,53,0.133643,0.769248,0.097109,1.074590218,GG,AA,TT,GG,AA,GG,GG,GG,CT,AA,AA,GG,TT,0,0,0,0,1,2,2,2,0,2,2,2,0,0,0,0,0,0,0,0,23,orange,1,1,1,1,1,1,1,1,0,1,0,0.7466,3.8477,1.0337,0.716202,3.6912,0.991665,18.1513
PJ02SS01,woodpeckers_LN_RR__Dino_PJ02SS01,Saliyawewa_Anuradhapura,Dino_H,Dino_H,Dino_H,orange,8.168867,80.0723,50,0.156125,0.777323,0.066552,-0.305573431,GC,GA,CT,CG,TA,AG,AG,GG,CT,AA,AA,GG,TT,0,0,0,0,1,1,1,1,1,1,1,1,0,0,0,-1,1,0,0,-1,9,orange,1,1,1,1,1,1,1,1,0,1,1,3.7902,2.2397,0.1723,5.86052,3.46303,0.266387,15.7063
UE09RR01,woodpeckers_RR_GBS3_UE09RR01,Walola_Medawachchiya_Anuradhapura,Dino_Y_Sym,Dino_H,Dino_Y_Sym,yellow,8.539206,80.466246,79,0.160625,0.779532,0.059843,1.803274586,GC,GA,CT,CG,TA,AG,AG,GA,TT,AA,AA,GG,TT,0,0,0,0,0,1,1,1,1,1,1,1,0,0,0,0,0,1,0,0,78,yellow,1,1,1,1,1,1,1,1,0,0,1,4.7665,8.0974,0.804,4.00098,6.79685,0.674865,20.7449
MF11SS01,woodpeckers_LN_RR__Dino_MF11SS01,wilpathuwa NP_Anuradhapura_NCP_maradanmadu lake,Dino_H,Dino_H,Dino_H,orange,8.404075,80.028056,43,0.149245,0.782129,0.068626,2.762573485,GG,AA,TT,GG,AA,GG,GG,NA,CT,AA,AA,GG,TT,0,0,0,0,1,2,2,2,0,2,2,2,0,0,0,0,0,-1,0,0,14,orange,1,1,1,1,1,1,1,1,0,1,1,0.6891,1.0911,0.1149,1.32548,2.09868,0.220914,7.28009
MH29SF02,woodpeckers_LN_RR_MH29SF02_Dino_H,Idigaspothana_Pahala Thalawa_Anuradapura_NCP,Dino_H,Dino_H,Dino_H,orange,8.275703,80.330544,68,0.14171,0.809572,0.048718,-0.201795847,GG,GA,CT,GG,TA,GG,GG,GG,TT,NA,NA,NA,NA,-1,-1,-1,-1,0,1,1,1,0,2,2,2,2,1,-1,0,1,0,0,0,1,orange,0,-1,-1,0,0,0,0,-1,0,0,-1,0,0.1149,0.6317,0,0.28351,1.5593,13.1798
MH31SF01,woodpeckers_LN_RR_MH31SF01_Dino_R,Nabodawewa_Eppawala_Anuradapura_NCP,Dino_R_Sym,Dino_H,Dino_R_Sym,red,8.115806,80.433639,80,0.137768,0.816798,0.045435,-1.974678864,GG,AA,TT,GG,AA,GG,GG,GG,TT,AA,AA,GG,TT,0,0,0,0,0,2,2,2,0,2,2,2,0,0,0,0,1,0,0,0,45,red,1,1,1,1,1,1,1,1,0,0,-1,0.1149,4.5368,1.3783,0.116663,4.60819,1.39996,15.5684
MI21SF04,woodpeckers_LN_RR__Dino_MI21SF04,Palugassegama_Puttalam_NWP,Dino_R_Sym,Dino_H,Dino_R_Sym,red,8.121419,80.006936,47,0.126996,0.817371,0.055634,-0.397815178,GG,AA,TT,GG,AA,GG,GG,GG,TT,AA,AA,GG,TT,0,0,0,0,0,2,2,2,0,2,2,2,0,0,0,0,1,0,0,1,48,red,-1,-1,-1,0,0,1,1,1,0,0,1,2.2397,2.6991,0.7466,2.4845,2.99415,0.828168,10.821
UC31RR01,woodpeckers_RR_GBS3_UC31RR01,Palugaswewa_Habarana_Anuradhapura,Dino_H,Dino_H,Dino_H,orange,8.0106,80.40322,78,0.11199,0.818586,0.069423,-0.635830002,GG,AA,TT,GG,AA,GG,GG,GG,TT,AA,AA,GG,TT,0,0,0,0,0,2,2,2,0,2,2,2,0,0,0,0,0,0,0,0,8,orange,1,1,1,1,1,1,1,1,0,0,1,1.5506,4.1922,0.6891,1.44516,3.90727,0.642292,18.6831
UC19RR04,woodpeckers_RR_GBS3_UC19RR04,Urumalai_Mannar,Dino_Y_M,Dino_H,Dino_Y_M,yellow,9.093729,79.70477,27,0.116983,0.823993,0.059024,2.418842711,GG,AA,TT,GG,AA,GG,GG,GG,TT,AA,AA,GG,TT,0,0,0,0,0,2,2,2,0,2,2,2,0,0,0,0,0,0,0,0,79,yellow,1,1,1,1,1,1,1,1,1,0,1,7.3508,7.8676,0.2297,3.39839,3.63734,0.1062,37.6649
PJ02SS03,woodpeckers_LN_RR__Dino_PJ02SS03,Saliyawewa_Anuradhapura,Dino_H,Dino_H,Dino_H,orange,8.173283,80.092667,51,0.114053,0.824134,0.061813,-1.498782894,GG,AA,TT,GG,AA,GG,GG,GG,CT,AA,AA,GG,TT,0,0,0,0,1,2,2,2,0,2,2,2,0,0,0,0,1,0,0,0,16,orange,1,1,1,1,1,1,1,1,0,1,-1,3.216,1.8951,0.804,2.71231,1.59833,0.678078,16.3001
MH29SF06,woodpeckers_LN_RR__Dino_MH29SF06,Idigaspothana_Pahala Thalawa_Anuradapura_NCP,Dino_H,Dino_H,Dino_H,orange,8.240997,80.301114,66,0.144364,0.829041,0.026595,0.336402229,GG,AA,TT,GG,AA,GG,GG,GG,CT,AA,AA,GG,TT,0,0,0,0,1,2,2,2,0,2,2,2,0,0,0,0,0,0,0,0,12,orange,1,1,1,1,1,1,1,1,0,1,-1,1.7803,1.1486,1.8951,1.99121,1.28465,2.11968,20.5472
QI05SS02,woodpeckers_LN_RR__Dino_QI05SS02,Kokunnewa_Nochchiyagama_NWP,Dino_H,Dino_H,Dino_H,orange,8.490556,80.227558,57,0.10734,0.833987,0.058673,-0.737813328,GG,AA,TT,GG,AA,GG,GG,GG,TT,AA,AA,GG,TT,0,0,0,0,0,2,2,2,0,2,2,2,0,0,0,-1,0,0,0,0,6,orange,0,0,0,0,0,1,1,1,0,0,1,2.3545,3.216,4.3071,1.50902,2.0611,2.76041,16.3645
UC31RR02,woodpeckers_RR_GBS3_UC31RR02,Palugaswewa_Habarana_Anuradhapura,Dino_H,Dino_H,Dino_H,orange,8.0106,80.40322,78,0.094135,0.849472,0.056392,-1.055069728,GG,AA,TT,GG,AA,GG,GG,GG,CT,AA,AA,GG,TT,0,0,0,0,1,2,2,2,0,2,2,2,0,0,0,0,1,0,0,0,22,orange,1,1,1,1,1,1,1,1,0,1,-1,2.9288,1.6654,1.206,2.92148,1.66123,1.20296,17.4569
PH24RWR02,woodpeckers_LN_RR_PH24RWR02_Dino_R,Eppawala_Anuradhapura,Dino_R_Sym,Dino_H,Dino_R_Sym,red,8.116417,80.429317,79,0.086903,0.849515,0.063581,-0.837831276,GG,AA,TT,GG,AA,GG,GG,GG,TT,NA,NA,NA,NA,-1,-1,-1,-1,0,2,2,2,0,2,2,2,0,0,0,0,0,0,0,0,42,red,1,1,1,1,1,1,1,1,0,0,1,0,3.3883,0.9188,0,3.75645,1.0187,13.3126
MH31SF02,woodpeckers_LN_RR_MH31SF02_Dino_R,Nabodawewa_Eppawala_Anuradapura_NCP,Dino_R_Sym,Dino_H,Dino_R_Sym,red,8.115806,80.433639,80,0.109531,0.850135,0.040334,-1.578153877,GG,AA,TT,GG,AA,GG,GG,GG,CT,AA,AA,GG,TT,0,0,0,0,1,2,2,2,0,2,2,2,0,0,0,0,0,0,0,0,71,red,1,1,1,1,1,1,1,1,0,1,1,0.3446,0.9763,0.4594,0.349083,0.989068,0.465444,13.8838
MH29SF01,woodpeckers_RR_GBS3_MH29SF01,Idigaspothana_Pahala Thalawa_Anuradapura_NCP,Dino_H,Dino_H,Dino_H,orange,8.275703,80.330544,68,0.097309,0.850889,0.051803,-1.389317737,GG,AA,TT,GG,AA,GG,GG,GG,TT,AA,AA,GG,TT,0,0,0,0,0,2,2,2,0,2,2,2,0,0,0,0,0,0,0,0,4,orange,0,-1,-1,1,1,1,1,1,1,0,1,0.7466,2.5268,0.5743,0.984498,3.33215,0.757306,13.2047
UC27RR01,woodpeckers_RR_GBS3_UC27RR01,Galayaya_Maho_Anuradhapura,Dino_R_Sym,Dino_H,Dino_R_Sym,red,7.828242,80.253117,67,0.063748,0.88307,0.053182,-0.828352783,GG,AA,TT,GG,AA,GG,GG,GG,TT,AA,AA,GG,TT,0,0,0,0,0,2,2,2,0,2,2,2,0,-1,0,0,0,0,0,0,57,red,1,1,1,1,1,1,1,1,0,0,1,2.2397,7.5805,1.1486,1.90456,6.44619,0.976696,20.4772
UC12RR02,woodpeckers_RR_GBS3_UC12RR02,Melsiripura_Kurunegala,Dino_R_Sym,Dino_H,Dino_R_Sym,red,7.734185,80.547029,94,0.063614,0.885081,0.051305,-0.635819575,GG,AA,TT,GG,AA,GG,GG,GG,TT,AA,AA,GG,TT,0,0,0,0,0,2,2,2,0,2,2,2,1,0,0,0,0,0,0,0,54,red,1,1,1,1,1,1,1,1,0,0,-1,2.2397,2.2971,0.2297,2.41874,2.48076,0.248076,16.1241
UC27RR02,woodpeckers_RR_GBS3_UC27RR02,Atharagalla_Anuradhapura,Dino_R_Sym,Dino_H,Dino_R_Sym,red,7.925605,80.286125,69,0.059122,0.889568,0.05131,-0.926566045,GG,AA,TT,GG,AA,GG,GG,GG,TT,AA,AA,GG,TT,0,0,0,0,0,2,2,2,0,2,2,2,1,1,0,0,0,0,0,0,58,red,1,1,1,1,1,1,1,1,0,0,1,1.608,4.2497,0.4594,1.68883,4.46334,0.482524,16.5795
MI19SF03,woodpeckers_LN_RR__Dino_MI19SF03,Palasolae_Madurankuli_Puttalam_NWP,Dino_R_Sym,Dino_H,Dino_R_Sym,red,7.925139,79.830111,47,0.075769,0.893658,0.030574,-0.877366505,GG,AA,TT,GG,AA,GG,GG,GG,TT,AA,AA,GG,TT,0,0,0,0,0,2,2,2,0,2,2,2,0,1,0,0,0,0,0,0,47,red,1,1,1,1,1,1,1,1,0,0,1,0.4594,2.2971,0.7466,0.534474,2.67237,0.86852,15.4774
MI19SF01,woodpeckers_LN_RR_MI19SF01_Dino_R,Palasolae_Madurankuli_Puttalam_NWP,Dino_R_Sym,Dino_H,Dino_R_Sym,red,7.925139,79.830111,47,0.078526,0.8994,0.022074,-0.454419283,GG,NA,NA,NA,NA,NA,NA,GG,TT,AA,AA,GG,TT,0,0,0,0,0,-1,-1,-1,0,-1,-1,-1,0,0,0,0,0,0,0,0,28,red,1,1,1,1,1,1,1,1,0,0,1,0.402,0.804,0.1723,0.452272,0.904545,0.193831,12.7312
UD16RR01,woodpeckers_RR_GBS3_UD16RR01,Polpithigama_Kururnegala,Dino_R_Sym,Dino_H,Dino_R_Sym,red,7.817101,80.40099,80,0.002206,0.934455,0.063339,-0.794375721,NA,NA,NA,NA,NA,NA,NA,GG,TT,AA,AA,GG,TT,0,0,0,0,0,-1,-1,-1,-1,-1,-1,-1,0,0,0,0,0,0,0,-1,31,red,1,1,1,1,1,1,1,1,0,0,1,0.5743,12.1173,0,0.448799,9.46965,0,22.2817
PH24RWR01,woodpeckers_LN_RR__Dino_PH24RWR01,Eppawala_Anuradhapura,Dino_H,Dino_H,Dino_H,orange,8.116417,80.429317,79,0.051837,0.948018,0.000145,-0.30546488,GG,AA,TT,GG,AA,GG,GG,GG,CT,NA,NA,NA,NA,-1,-1,-1,-1,1,2,2,2,0,2,2,2,0,0,0,0,0,0,0,0,25,orange,1,1,1,1,1,1,1,1,0,1,-1,0,0.8614,0.6891,0,0.787538,0.63003,17.6933
UC12RR03,woodpeckers_RR_GBS3_UC12RR03,Melsiripura_Kurunegala,Dino_R_Sym,Dino_H,Dino_R_Sym,red,7.734185,80.547029,94,0.010595,0.951953,0.037453,-1.884055985,GG,AA,TT,GG,AA,GG,GG,GG,TT,AA,AA,GG,TT,0,0,0,0,0,2,2,2,0,2,2,2,0,0,0,1,-1,0,-1,-1,55,red,1,1,1,1,1,1,1,1,0,0,1,4.9388,7.5805,0.6891,4.13066,6.34009,0.576372,20.8199
UC12RR01,woodpeckers_RR_GBS3_UC12RR01,Melsiripura_Kurunegala,Dino_R_Sym,Dino_H,Dino_R_Sym,red,7.734185,80.547029,94,0.013839,0.982346,0.003815,-0.815208505,GG,AA,TT,GG,AA,GG,GG,GG,TT,AA,AA,GG,TT,0,0,0,0,0,2,2,2,0,2,2,2,0,0,0,-1,-1,0,-1,0,53,red,1,1,1,1,1,1,1,1,0,0,1,2.5843,7.5805,0.6891,2.28235,6.6949,0.608627,19.7165
PH24RWR03,woodpeckers_LN_RR__Dino_PH24RWR03,Eppawala_Anuradhapura,Dino_R_Sym,Dino_R_Allo,Dino_R_Sym,red,8.116417,80.429317,79,0.000563,0.999427,1.00E-05,-1.279729328,GG,AA,TT,GG,AA,GG,GG,GG,TT,AA,AA,GG,TT,0,0,0,0,0,2,2,2,0,2,2,2,0,0,-1,0,0,0,0,0,50,red,1,1,1,1,1,1,1,1,0,0,1,3.216,1.4931,0.8614,4.60428,2.1377,1.23329,16.3155
MD18SS03,woodpeckers_LN_RR_MD18SS03_Dino_R,Walahanduwa_Galle_SP,Dino_R_Allo,Dino_R_Allo,Dino_R_Allo,red,6.014211,80.258286,96,1.00E-05,0.99998,1.00E-05,-1.213723997,CC,GG,CC,CC,TT,AA,AA,GG,TT,AA,AA,GG,TT,0,0,0,0,0,0,0,0,2,0,0,0,0,0,0,0,0,0,0,-1,44,red,1,1,1,0,0,1,1,1,0,0,-1,0.1149,2.3545,0.2871,0.274722,5.6318,0.686805,19.0087
MG11SF01,woodpeckers_LN_RR__Dino_MG11SF01,Uhumiya_Kurunegala_NW_Cocunut plantation,Dino_R_Sym,Dino_R_Allo,Dino_R_Sym,red,7.467028,80.296494,76,1.00E-05,0.99998,1.00E-05,-1.211666653,GG,AA,TT,GG,AA,GG,GG,GG,TT,NA,NA,NA,NA,-1,-1,-1,-1,0,2,2,2,0,2,2,2,0,0,0,0,0,0,0,0,40,red,0,0,0,1,1,1,1,1,0,0,1,0,2.0674,1.4931,0,2.49693,1.80334,7.05443
MH23SF01,woodpeckers_LN_RR__Dino_MH23SF01,Nabodawewa_Eppawala_Anuradapura_NCP,Dino_R_Sym,Dino_R_Allo,Dino_R_Sym,red,8.262494,80.345219,70,1.00E-05,0.99998,1.00E-05,-1.563008666,GG,AA,TT,GG,AA,GG,GG,GG,TT,NA,NA,NA,NA,-1,-1,-1,-1,0,2,2,2,0,2,2,2,0,0,0,0,0,0,0,0,41,red,-1,-1,-1,1,1,1,1,1,0,0,1,0,2.5843,0.7466,0,2.36734,0.683897,17.1879
MI05SF03,woodpeckers_LN_RR__Dino_MI05SF03,Madeima_Hettepola_Kurunagala_NWP,Dino_R_Sym,Dino_R_Allo,Dino_R_Sym,red,7.646917,80.0061,55,1.00E-05,0.99998,1.00E-05,-1.702753817,GG,AA,TT,GG,AA,GG,GG,GG,TT,AA,AA,GG,TT,0,0,0,0,0,2,2,2,0,2,2,2,0,0,0,0,0,0,0,0,46,red,1,1,1,1,1,1,1,1,0,0,1,1.5506,4.1348,1.5506,1.94471,5.1859,1.94471,18.6526
MI05SF04,woodpeckers_LN_RR_MI05SF04_Dino_R,Madeima_Hettepola_Kurunagala_NWP,Dino_R_Sym,Dino_R_Allo,Dino_R_Sym,red,7.646917,80.0061,55,1.00E-05,0.99998,1.00E-05,-2.06157339,NA,GG,NA,NA,TT,NA,NA,GG,TT,AA,AA,GG,TT,0,0,0,0,0,-1,0,0,-1,-1,-1,-1,0,0,0,0,1,0,0,0,27,red,1,1,1,0,0,1,1,1,0,0,1,0.6891,6.3745,0,0.805277,7.44881,0,21.8481
MI19SF04,woodpeckers_LN_RR_MI19SF04_Dino_R,Palasolae_Madurankuli_Puttalam_NWP,Dino_R_Sym,Dino_R_Allo,Dino_R_Sym,red,7.925139,79.830111,47,1.00E-05,0.99998,1.00E-05,-1.149456514,NA,NA,NA,NA,NA,NA,NA,GG,TT,NA,NA,NA,NA,-1,-1,-1,-1,0,-1,-1,-1,-1,-1,-1,-1,0,0,0,0,0,0,0,0,36,red,-1,-1,-1,0,0,0,0,1,0,0,1,0,6.5468,0,0,10.5351,0,13.8479
MI21SF01,woodpeckers_RR_GBS3_MI21SF01,Madawachchiya_Anuradapura_NCP,Dino_R_Sym,Dino_R_Allo,Dino_R_Sym,red,8.556869,80.478758,80,1.00E-05,0.99998,1.00E-05,-1.247690631,GG,AA,TT,GG,AA,GG,GG,GG,CT,AA,AA,GG,TT,0,0,0,0,1,2,2,2,0,2,2,2,0,1,0,0,0,0,0,0,69,red,1,1,1,1,1,1,1,1,0,1,1,1.7803,2.1823,0.1149,1.84021,2.25574,0.118723,16.8459
MK13SF02,woodpeckers_LN_RR_MK13SF02_Dino_R,Labeema_Kotiwila_Kamburugamuwa_Matara_SP,Dino_R_Allo,Dino_R_Allo,Dino_R_Allo,red,5.971564,80.488378,111,1.00E-05,0.99998,1.00E-05,-1.621578148,GG,AA,TT,GG,AA,GG,GG,GG,TT,AA,AA,GG,TT,0,0,0,0,0,2,2,2,0,2,2,2,0,0,0,0,0,0,0,0,49,red,2,2,2,0,0,1,1,1,0,0,-1,0.0574,0.1723,0.4594,0.071374,0.214122,0.570992,19.0467
MK13SF03,woodpeckers_LN_RR_MK13SF03_Dino_R,Meehalugoda_Dikthollewatta_Kamburugamuwa_Matara_SP,Dino_R_Allo,Dino_R_Allo,Dino_R_Allo,red,5.950267,80.495494,112,1.00E-05,0.99998,1.00E-05,-1.685705797,NA,GG,CC,CC,TT,NA,NA,GG,TT,NA,NA,NA,NA,-1,-1,-1,-1,0,0,0,0,-1,0,-1,-1,0,0,0,0,0,0,0,0,38,red,1,1,1,0,0,1,1,1,0,0,-1,0,4.1922,0.1149,0,4.95348,0.135712,12.1626
MK13SF04,woodpeckers_LN_RR_MK13SF04_Dino_R,Meehalugoda_Dikthollewatta_Kamburugamuwa_Matara_SP,Dino_R_Allo,Dino_R_Allo,Dino_R_Allo,red,5.950267,80.495494,112,1.00E-05,0.99998,1.00E-05,-1.961446891,GG,NA,NA,CC,NA,NA,AA,GG,TT,NA,NA,NA,NA,-1,-1,-1,-1,0,-1,-1,-1,0,0,0,-1,0,0,0,0,0,0,0,0,37,red,2,2,2,0,0,1,1,1,0,0,1,0,1.608,0.0574,0,1.79531,0.0641182,13.9083
MK14SF01,woodpeckers_LN_RR_MK14SF01_Dino_R,Diwelagodawattha_Kamburupitiya_Matara_SP,Dino_R_Allo,Dino_R_Allo,Dino_R_Allo,red,6.064728,80.565153,115,1.00E-05,0.99998,1.00E-05,-2.325887198,NA,GG,CC,NA,TT,NA,AA,GG,TT,NA,NA,NA,NA,-1,-1,-1,-1,0,0,0,0,-1,-1,0,-1,0,0,0,1,0,0,0,0,39,red,0,0,0,0,0,1,1,1,0,0,1,0,4.4794,0.1149,0,4.40845,0.113037,12.142
PI11RWR01,woodpeckers_LN_RR__Dino_PI11RWR01,Ibbagamuwa_Kuruneala,Dino_R_Sym,Dino_R_Allo,Dino_R_Sym,red,7.542639,80.443722,87,1.00E-05,0.99998,1.00E-05,-1.882163603,GG,AA,TT,GG,AA,GG,GG,GG,TT,AA,AA,GG,TT,0,0,0,0,0,2,2,2,0,2,2,2,0,1,0,0,0,0,0,0,51,red,1,1,1,1,1,1,1,1,0,0,1,2.1823,2.01,1.4357,2.73218,2.51648,1.79749,18.5757
PI11RWR02,woodpeckers_LN_RR__Dino_PI11RWR02,Ibbagamuwa_Kuruneala,Dino_R_Sym,Dino_R_Allo,Dino_R_Sym,red,7.542639,80.443722,87,1.00E-05,0.99998,1.00E-05,-1.882163603,GG,AA,TT,GG,AA,GG,GG,NA,TT,AA,AA,GG,TT,0,0,0,0,0,2,2,2,0,2,2,2,0,0,0,0,2,-1,0,-1,52,red,1,1,1,1,1,1,1,1,0,0,1,0.804,3.9051,0.1149,1.15302,5.6004,0.164718,16.9018
UC14RR04,woodpeckers_RR_GBS3_UC14RR04,Handagala_Kandy,Dino_R_Sym,Dino_R_Allo,Dino_R_Sym,red,7.25587,80.990417,142,1.00E-05,0.99998,1.00E-05,-1.138137779,NA,NA,NA,NA,NA,NA,NA,GG,TT,AA,AA,GG,TT,0,0,0,0,0,-1,-1,-1,-1,-1,-1,-1,0,0,0,0,-1,0,0,0,29,red,1,1,1,1,1,1,1,1,0,0,1,1.0337,0.6317,0,3.59421,2.19646,0,5.00806
UC26RR01,woodpeckers_RR_GBS3_UC26RR01,Ibbagamuwa_Kuruneala,Dino_R_Sym,Dino_R_Allo,Dino_R_Sym,red,7.542948,80.44383,87,1.00E-05,0.99998,1.00E-05,NA,GG,AA,TT,GG,AA,GG,GG,GG,TT,AA,AA,GG,TT,0,0,0,0,0,2,2,2,0,2,2,2,0,0,1,0,0,0,0,0,56,red,1,1,1,1,1,1,1,1,0,0,1,3.7902,4.9962,0.6891,3.7733,4.9739,0.686055,17.4913
UF01SS01,woodpeckers_RR_GBS3_UF01SS01,Acharigoda_Kaluthara,Dino_R_Allo,Dino_R_Allo,Dino_R_Allo,red,6.757109,80.131659,77,1.00E-05,0.99998,1.00E-05,-1.366592571,NA,NA,NA,NA,NA,NA,NA,GG,TT,AA,AA,GG,TT,0,0,0,0,0,-1,-1,-1,-1,-1,-1,-1,0,0,0,0,0,0,-1,0,32,red,1,1,1,1,1,1,1,1,0,0,-1,5.9725,12.2322,0,3.75553,7.69161,0,27.6925
UF01SS02,woodpeckers_RR_GBS3_UF01SS02,Acharigoda_Kaluthara,Dino_R_Allo,Dino_R_Allo,Dino_R_Allo,red,6.757109,80.131659,77,1.00E-05,0.99998,1.00E-05,-0.726375614,NA,NA,NA,CC,NA,AA,AA,GG,TT,AA,AA,GG,TT,0,0,0,0,0,-1,-1,-1,-1,0,0,0,0,0,1,0,1,0,0,0,33,red,1,1,1,1,1,1,1,1,0,0,1,4.02,5.9725,0.1149,2.94634,4.37742,0.0841811,23.7583
UF01SS03,woodpeckers_RR_GBS3_UF01SS03,Eheliyagoda_Rathnapura,Dino_R_Allo,Dino_R_Allo,Dino_R_Allo,red,6.776686,80.255364,83,1.00E-05,0.99998,1.00E-05,-1.360971836,GG,AA,TT,GG,AA,GG,GG,GG,CT,AA,AA,GG,TT,0,0,0,0,1,2,2,2,0,2,2,2,0,-1,0,0,0,0,-1,-1,70,red,1,1,1,1,1,1,1,1,0,1,1,2.9863,9.3033,0.3446,2.14883,6.69444,0.247942,24.1992
UF01SS04,woodpeckers_RR_GBS3_UF01SS04,Eheliyagoda_Rathnapura,Dino_R_Allo,Dino_R_Allo,Dino_R_Allo,red,6.776686,80.255364,83,1.00E-05,0.99998,1.00E-05,-1.421412844,GG,AA,TT,GG,AA,GG,GG,GG,TT,AA,AA,GG,TT,0,0,0,0,0,2,2,2,0,2,2,2,1,0,0,0,0,0,0,0,62,red,1,1,1,1,1,1,1,1,0,0,1,1.608,2.4694,0.4594,2.24444,3.44681,0.641267,12.4753
UF01SS05,woodpeckers_RR_GBS3_UF01SS05,Nivithigala_Rathnapura,Dino_R_Allo,Dino_R_Allo,Dino_R_Allo,red,6.624267,80.459559,100,1.00E-05,0.99998,1.00E-05,-1.321275917,GG,AA,TT,GG,AA,GG,GG,GG,TT,AA,AA,GG,TT,0,0,0,0,0,2,2,2,0,2,2,2,0,0,0,0,0,0,0,0,63,red,1,1,1,1,1,1,1,1,0,0,0,2.7565,6.2022,0.5743,2.48303,5.58682,0.517298,19.3312
UF02SS01,woodpeckers_RR_GBS3_UF02SS01,Madampe_Rathnapura,Dino_R_Allo,Dino_R_Allo,Dino_R_Allo,red,6.51225,80.59385,112,1.00E-05,0.99998,1.00E-05,-1.098473143,GG,AA,TT,GG,AA,GG,GG,GG,TT,AA,AA,GG,TT,0,0,0,0,0,2,2,2,0,2,2,2,0,0,0,0,0,0,0,0,64,red,1,1,1,1,1,1,1,1,0,0,1,1.4357,2.814,0.6891,1.87988,3.68457,0.902344,13.2987
UF02SS02,woodpeckers_RR_GBS3_UF02SS02,Madampe_Rathnapura,Dino_R_Allo,Dino_R_Allo,Dino_R_Allo,red,6.51225,80.59385,112,1.00E-05,0.99998,1.00E-05,-1.174048934,GG,AA,TT,GG,AA,GG,GG,GG,TT,AA,AA,GG,TT,0,0,0,0,0,2,2,2,0,2,2,2,0,0,0,0,0,0,0,0,65,red,1,1,1,1,1,1,1,1,0,0,1,2.9863,3.6754,0.6891,2.87215,3.53495,0.662804,18.1049
UF02SS03,woodpeckers_RR_GBS3_UF02SS03,Suriyakanda_Rathnapura,Dino_R_Allo,Dino_R_Allo,Dino_R_Allo,red,6.454947,80.629384,116,1.00E-05,0.99998,1.00E-05,-1.778221057,NA,NA,NA,NA,NA,NA,NA,GG,TT,AA,AA,GG,TT,0,0,0,0,0,-1,-1,-1,-1,-1,-1,-1,0,0,0,0,0,0,0,0,34,red,1,1,1,1,1,1,1,1,0,0,1,2.2397,1.7228,0,2.31613,1.78164,0,16.8384
UF02SS04,woodpeckers_RR_GBS3_UF02SS04,Suriyakanda_Rathnapura,Dino_R_Allo,Dino_R_Allo,Dino_R_Allo,red,6.454947,80.629384,116,1.00E-05,0.99998,1.00E-05,-1.470426566,GG,AA,TT,GG,AA,GG,GG,GG,TT,AA,AA,GG,TT,0,0,0,0,0,2,2,2,0,2,2,2,0,0,0,0,0,0,0,0,66,red,1,1,1,1,1,1,1,1,0,0,1,2.5268,2.814,0.7466,3.20704,3.57148,0.947536,13.7198
UF03RR01,woodpeckers_RR_GBS3_UF03RR01,Embilipitiya_Rathnapua,Dino_R_Allo,Dino_R_Allo,Dino_R_Allo,red,6.30994,80.835409,135,1.00E-05,0.99998,1.00E-05,-1.49499813,GG,AA,TT,GG,AA,GG,GG,GG,TT,AA,AA,GG,TT,0,0,0,0,0,2,2,2,0,2,2,2,0,0,0,0,0,0,0,0,67,red,1,1,1,1,1,1,1,1,0,0,1,1.5506,4.02,0.5743,1.56418,4.05529,0.579327,17.2614
UF03RR02,woodpeckers_RR_GBS3_UF03RR02,Embilipitiya_Rathnapua,Dino_R_Allo,Dino_R_Allo,Dino_R_Allo,red,6.30994,80.835409,135,1.00E-05,0.99998,1.00E-05,-1.321286345,NA,NA,NA,NA,NA,NA,NA,GG,TT,AA,AA,GG,TT,0,0,0,0,0,-1,-1,-1,-1,-1,-1,-1,0,0,0,0,0,0,0,0,35,red,1,1,1,1,1,1,1,1,0,0,1,1.6654,2.8714,0,2.07307,3.57426,0,13.9889