﻿rea,Identification,Identification_II,Scientific name,sex,color,feathers,Population,Species,Genomic_groups,Dino_J_ancestry,Dino_R_ancestry,Dino_M_Ancestry,Legend,Mass whole feather (mg),Mass colored part (mg),Fraction pigmented,"Lambda max (main, nm)",Absorption at peak of absorption,Lambda max 2 (nm),Absorption,Absorption outside (600 nm),Absorption by carotenoids,Carotenoid concentration (whole feather) mg/g,Carotenoid concentration (pigmented part) mg/g,Reflectance average Lambda R50,HPLC Processing Method Threshold,Total_identified_pigments,% beta-cryptoxanthin ident,% canthaxanthin ident,%adonixanthin ident,%canary-xanthophyll B ident,%papilioerythrinone ident,%canary-xanthophyll A ident,%astaxanthin ident,%3'-dehydro-lutein ident,%alpha- doradexanthin ident,% lutein ident,%zeaxanthin ident,Carotenoid concentration (pigmented part) mg/g,lutein ident__concentration,zeaxanthin _concentration,beta-cryptoxanthin_concentration,3'-dehydro-lutein ident__concentration,canary-xanthophyll A_concentration,canary-xanthophyll B_concentration,canthaxanthin_concentration,alpha- doradexanthin_concentration,astaxanthin_concentration,adonirubin_concentration,papilioerythrinone_concentration,total.yellow.pigmenet.concentration,total.Red.pigment.concentration,avg 4-keto_groups,avg 3-oxygenation,avg allylic OH,avg 3-keto_groups,avg epsilon rings
49,UC20RR03-M-C,UC20RR03,Dinopium benghalense jaffnense,male,red,Crown,Mannar,D. benghalense,Dino_Allo_Y,1.00E-05,1.00E-05,0.99998,7/21/2022,0.81,0.81,1,,,,,,0.578,0.856,0.856,593.11,40,102.01,0.3,1.7,15.7,0,6.2,0,70.7,0,5.4,1.841085271,0,0.856296296,0.813481481,0,0.13,0,0,0,0.74,2.35,30.66,6.79,2.71,0.943481481,43.25,1.843023256,1.810077519,0.132751938,0.06124031,0.134410853
55,UC20RR06-M-C,UC20RR06,Dinopium benghalense jaffnense,female,red,Crown,Mannar,D. benghalense,Dino_Allo_Y,1.00E-05,1.00E-05,0.99998,7/22/2022,0.37,0.37,1,441.06,0.443,467.57,0.381,0.03,0.279,0.905,0.905,599.69,50,100.95,0.2,0.8,6.8,0,2.2,0,81.6,0,8.5,0.610997963,0,0.904864865,0.298605405,0,0.11,0,0,0,0.38,4.12,39.61,3.3,1.05,0.408605405,48.46,1.877615256,1.914645436,0.111831142,0.021477504,0.11310998
95,UC20RR07-M-C,UC20RR07,Dinopium benghalense jaffnense,male,red,Crown,Mannar,D. benghalense,Dino_Allo_Y,1.00E-05,1.00E-05,0.99998,7/28/2022,0.34,0.34,1,466.5,0.678,,,0.258,0.274,0.967,0.967,593,30,98.81,0.1,0.8,10.2,0,5.1,0,79.4,0,4.5,1.856919468,0,0.967058824,0.918705882,0,0.04,0,0,0,0.37,2.19,38.58,4.93,2.46,0.958705882,48.53,1.86747459,1.884675528,0.112392494,0.049648163,0.114569195
97,UD30RR01-J-C,UD30RR01,Dinopium benghalense jaffnense,male,red,Crown,Jaffna,D. benghalense,Dino_Allo_Y,0.99998,1.00E-05,1.00E-05,7/28/2022,0.78,0.78,1,466.5,0.569,,,-0.003,0.427,0.657,0.657,599.75,40,101.12,0.1,0.6,12.1,0,2.4,0,81.3,0,2.3,1.1,0,0.656923077,0.38,0,0.03,0,0,0,0.21,0.78,27.18,4.05,0.79,0.41,33.01,1.921088702,1.865870374,0.062071666,0.02369297,0.058
43,UD30RR04-J-C,UD30RR04,Dinopium benghalense jaffnense,female,red,Crown,Jaffna,D. benghalense,Geno_HYB,0.55378,0.388737,0.057483,7/21/2022,0.7,0.7,1,441.78,0.644,468.28,0.542,0.017,0.609,1.044,1.044,602.18,40,101.13,0.1,0.7,11.6,0,5.7,0,77.3,0,4.7,0.879593432,0,1.044,0.4698,0,0.06,0,0,0,0.38,2.47,40.9,6.13,3,0.5298,52.88,1.87763878,1.870015637,0.111219703,0.056098514,0.112795934
36,UE01RR02-J-C,UE01RR02,Dinopium benghalense jaffnense,female,red,Crown,Jaffna,D. benghalense,Dino_Allo_Y,0.99998,1.00E-05,1.00E-05,7/20/2022,0.93,0.93,1,441.06,0.422,467.57,0.36,0.046,0.618,0.797,0.797,598.32,15,101.38,0.1,0.2,5.2,0,1.9,0,86.1,0,6.5,0.942151875,0,0.797419355,0.398709677,0,0.02,0,0,0,0.1,2.72,36.08,2.18,0.81,0.418709677,41.89,1.896551724,1.943094027,0.092896175,0.019219898,0.093421519
51,UE02RR01-Sym.Y-C,UE02RR01,Dinopium benghalense jaffnense,female,red,Crown,SympatryY,D. benghalense,Geno_HYB,0.231622,0.668268,0.10011,7/21/2022,1.43,1.43,1,441.06,0.305,468.28,0.253,-0.003,0.264,0.222,0.222,598.56,50,101.66,0.1,0.7,12.5,0,4.2,0,79.5,0,2.9,1.385442514,0,0.221538462,0.148430769,0,0.01,0,0,0,0.07,0.31,8.4,1.32,0.45,0.158430769,10.55,1.899503722,1.862076096,0.084574028,0.041770058,0.084854425
32,UE07RR02-Sym.Y-C,UE07RR02,Dinopium benghalense jaffnense,male,red,Crown,SympatryY,D. benghalense,Geno_HYB,0.212747,0.67321,0.114042,7/20/2022,0.91,0.91,1,1.067,467.57,0.94,0.179,0.888,0.736,0.971,0.971,598.79,100.15,101.27,0.1,0.3,5,0,3.2,0,87.5,0,4,1.482044461,0,0.970549451,0.757028571,0,0.03,0,0,0,0.13,2,44.05,2.49,1.62,0.787028571,50.29,1.89834695,1.94565837,0.085692571,0.031730952,0.086820445
96,UE09RR02-Sym.Y-C,UE09RR02,Dinopium benghalense jaffnense,female,red,Crown,SympatryY,D. benghalense,Geno_HYB,0.159995,0.723044,0.116961,7/28/2022,0.6,0.6,1,466.86,0.472,,,0.01,0.664,1.328,1.328,598.56,50,101.25,0.1,0.4,8.1,0,3,0,84.4,0,4.1,1.472253681,0,1.328,1.03584,0,0.04,0,0,0,0.27,2.86,58.5,5.62,2.05,1.07584,69.3,1.899773499,1.91204228,0.084371461,0.029067573,0.085722537
88,UC19RR02-M-M,UC19RR02,Dinopium benghalense jaffnense,male,yellow,Mantle,Mannar,D. benghalense,Dino_Allo_Y,1.00E-05,1.00E-05,0.99998,7/27/2022,2.54,1.51,0.6,466.5,0.833,,,0.034,0.561,0,0,538.49,30,99.92,3.6,0,0,2.9,0,1.1,0,40.2,0,0.862234144,10,0.445827815,0,2.25,0.81,9.04,0.25,0.64,0,0,0,0,0,12.99,0,0,1.963938974,0.903308896,0.469585893,0.088622341
50,UC19RR03-M-M,UC19RR03,Dinopium benghalense jaffnense,male,yellow,Mantle,Mannar,D. benghalense,Dino_Allo_Y,1.00E-05,1.00E-05,0.99998,7/21/2022,3.07,2.83,0.9,466.86,0.794,,,0.13,0.398,0.509,0.655,532.45,30,99.81,6.2,0,0,2.5,0,1.1,0,44.3,0,3.238704518,7.1,0.168763251,1.060695,0.64,0.56,3.99,0.1,0.22,0,0,0,0,0,6.570695,0,0,1.938179093,0.90295991,0.503559386,0.104387045
63,UC20RR02-M-M,UC20RR02,Dinopium benghalense jaffnense,male,yellow,Mantle,Mannar,D. benghalense,Dino_Allo_Y,1.00E-05,1.00E-05,0.99998,7/25/2022,2.51,1.16,0.5,441.42,0.872,467.57,0.78,0.012,0.661,0.935,1.725,542.72,25,99.83,5.9,0,0,1.3,0,0.7,0,24.4,0,3.051422113,8.3,0.683793103,2.795207767,2.99,2.12,8.82,0.25,0.48,0,0,0,0,0,17.45520777,0,0,1.941276757,0.878764918,0.27789354,0.070514221
44,UC20RR03-M-M,UC20RR03,Dinopium benghalense jaffnense,male,yellow,Mantle,Mannar,D. benghalense,Dino_Allo_Y,1.00E-05,1.00E-05,0.99998,7/21/2022,3.06,1.55,0.5,466.14,0.324,456.49,0.321,0.06,0.477,0.147,0.46,541.73,40,99.66,6.4,0,0,1.4,0,0.8,0,29,0,6.899926597,8.7,0.369290323,1.2972,1.67,1.22,5.56,0.16,0.27,0,0,0,0,0,10.1772,0,0,1.936305732,0.871839413,0.327542945,0.112999266
74,UC20RR05-M-M,UC20RR05,Dinopium benghalense jaffnense,male,yellow,Mantle,Mannar,D. benghalense,Dino_Allo_Y,1.00E-05,1.00E-05,0.99998,7/26/2022,2.93,1.1,0.4,441.06,0.433,467.93,0.372,0.038,0.658,0.269,0.718,545.72,30,98.86,13.3,0,0,2.8,2,1.5,0,43,0,30.9,6.4,0.717818182,11.92,2.45,5.11,16.59,0.58,1.09,0,0,0,0,0.79,37.74,0.79,0.020487987,1.86738685,0.847085118,0.522629912,0.415
57,UC20RR096-M-M (UC20RR06),UC20RR06,Dinopium benghalense jaffnense,female,yellow,Mantle,Mannar,D. benghalense,Dino_Allo_Y,1.00E-05,1.00E-05,0.99998,7/22/2022,2.81,1.29,0.5,465.79,0.703,,,-0.039,0.17,0.073,0.158,542.65,5,96.77,11.2,1.8,0,5.4,0,3.5,0,33,0,36.3,8.9,0.158139535,2.65,0.65,0.82,2.41,0.25,0.39,0.13,0,0,0,0,7.17,0.13,0.035907419,1.852260437,0.869781527,0.472636816,0.541
17,UC20RR07-M-M,UC20RR07,Dinopium benghalense jaffnense,male,yellow,Mantle,Mannar,D. benghalense,Dino_Allo_Y,1.00E-05,1.00E-05,0.99998,7/18/2022,3.89,1.88,0.5,0.685,467.93,0.576,0.024,0.661,0.888,0.274,0.567,549.69,99.66,97.19,4.5,0.4,0,1.5,0.7,2.1,0,12.3,0,70.9,7.7,0.566808511,21.26,2.3,1.34,3.68,0.63,0.45,0.12,0,0,0,0.21,29.66,0.33,0.014928193,1.947278912,0.910619803,0.180839002,0.788
72,UC28RR01-Sym.Y-M,UC28RR01,Dinopium benghalense jaffnense,male,yellow,Mantle,SympatryY,D. benghalense,Geno_HYB,0.146473,0.761902,0.091624,7/25/2022,3.04,1.77,0.6,467.21,0.707,,,0.079,0.562,0.222,0.381,564.68,50,100.02,6.9,1.4,0,2.9,4.7,2.4,0,32,0,41.4,8.4,0.381016949,8.23,1.67,1.37,6.37,0.47,0.58,0.29,0,0,0,0.93,18.69,1.22,0.07546447,1.902317564,0.885462555,0.448381536,0.567
15,UD30RR-J-M (UD30RR01),UD30RR01,Dinopium benghalense jaffnense,male,yellow,Mantle,Jaffna,D. benghalense,Dino_Allo_Y,0.99998,1.00E-05,1.00E-05,7/18/2022,3.55,1.58,0.4,0.842,467.93,0.762,0.281,0.561,0.573,0.194,0.435,545.03,96.77,98.05,10.3,1,0,1,0,0.5,0,33.5,0,42.6,11.1,0.435189873,9.72,2.53,2.35,7.65,0.12,0.22,0.24,0,0,0,0,22.59,0.24,0.020587114,1.876477316,0.790888296,0.359702631,0.456
81,UD30RR03-J-M,UD30RR03,Dinopium benghalense jaffnense,male,yellow,Mantle,Jaffna,D. benghalense,Dino_Allo_Y,0.99998,1.00E-05,1.00E-05,7/26/2022,2.71,1.23,0.5,450.76,1.214,465.07,1.198,0.42,0.376,0.166,0.367,532.22,25,98.52,4.9,0,0,3.6,0,1.9,0,36.6,0,45,8.1,0.366829268,8.47,1.53,0.92,6.89,0.35,0.67,0,0,0,0,0,18.83,0,0,1.951110245,0.924230619,0.455979743,0.56
42,UD30RR04-J-M,UD30RR04,Dinopium benghalense jaffnense,female,yellow,Mantle,Jaffna,D. benghalense,Geno_HYB,0.55378,0.388737,0.057483,7/21/2022,3.32,1.32,0.4,441.06,0.395,467.57,0.327,0.041,0.332,0.12,0.302,537.91,30,98.6,3.1,0.5,0,1.1,0,0.6,0,20.8,0,66.5,7.5,0.301818182,11.09,1.24,0.52,3.46,0.1,0.18,0.08,0,0,0,0,16.59,0.08,0.009415173,1.959442332,0.906391454,0.235379323,0.699
87,UE01RR01-J-M,UE01RR01,Dinopium benghalense jaffnense,male,yellow,Mantle,Jaffna,D. benghalense,Dino_Allo_Y,0.99998,1.00E-05,1.00E-05,7/27/2022,2.83,1.76,0.6,451.83,0.499,466.14,0.493,0.185,0.662,0.281,0.451,538.26,40,99.07,9.6,1.5,0,1.1,0,1.7,0,20.8,0,57.5,7.8,0.451363636,12.43,1.67,2.08,4.5,0.37,0.23,0.32,0,0,0,0,21.28,0.32,0.030094044,1.873772205,0.83908046,0.246812957,0.631
38,UE01RR02-J-M,UE01RR02,Dinopium benghalense jaffnense,female,yellow,Mantle,Jaffna,D. benghalense,Dino_Allo_Y,0.99998,1.00E-05,1.00E-05,7/20/2022,4.45,2.31,0.5,440.34,0.334,468.28,0.277,0.002,0.678,0.183,0.352,552.54,15,99.53,3.1,1.9,0.7,0.4,0,1.7,0,12.8,0,71.5,7.9,0.352207792,13.35,1.48,0.58,2.38,0.32,0.08,0.36,0,0,0.12,0,18.19,0.48,0.051282051,1.924019608,0.885369532,0.153280543,0.757
83,UE01RR03-J-M,UE01RR03,Dinopium benghalense jaffnense,male,yellow,Mantle,Jaffna,D. benghalense,Dino_Allo_Y,0.99998,1.00E-05,1.00E-05,7/27/2022,3.07,1.34,0.4,468.64,0.464,,,0.052,0.354,0.138,0.317,535.3,20,99.47,3.3,0,0,2,0,1.4,0,24.8,0,61.3,7,0.317014925,10.1,1.16,0.55,4.09,0.24,0.34,0,0,0,0,0,16.48,0,0,1.966705158,0.931100847,0.303502694,0.681
77,UE01RR04-J-M,UE01RR04,Dinopium benghalense jaffnense,female,yellow,Mantle,Jaffna,D. benghalense,Dino_Allo_Y,0.99998,1.00E-05,1.00E-05,7/26/2022,2.53,1.99,0.8,465.43,0.462,,,0.008,0.627,0.297,0.378,541.79,40,99.62,1.1,0,0,1.4,0,1.5,0,18.6,0,69.3,8.1,0.378090452,14.04,1.65,0.22,3.76,0.3,0.29,0,0,0,0,0,20.26,0,0,1.989179104,0.937126866,0.229291045,0.751
48,UE02RR01-Sym.Y-M,UE02RR01,Dinopium benghalense jaffnense,female,yellow,Mantle,SympatryY,D. benghalense,Geno_HYB,0.231622,0.668268,0.10011,7/21/2022,4.04,1.57,0.4,441.42,0.674,468.28,0.57,0.004,0.648,0.192,0.495,547.05,30,99.97,4.7,1.3,0.3,0.9,1.7,1.8,0,11.6,3.1,66.8,7.7,0.495286624,18.22,2.09,1.29,3.17,0.5,0.26,0.36,0.85,0,0.07,0.47,25.53,1.75,0.079883805,1.923565723,0.887981118,0.170660857,0.77
31,UE07RR02-Sym.Y-M,UE07RR02,Dinopium benghalense jaffnense,male,yellow,Mantle,SympatryY,D. benghalense,Geno_HYB,0.212747,0.67321,0.114042,7/20/2022,3.39,1.8,0.5,0.33,,,0.056,0.274,0.639,0.226,0.426,567.32,98.45,99.51,4.9,0.9,0.4,1,5.1,1,0,31.4,0,45.8,9.5,0.426,10.41,2.16,1.11,7.14,0.23,0.23,0.2,0,0,0.1,1.16,21.28,1.46,0.078104514,1.928825623,0.862708372,0.395017794,0.549
80,UE07RR04-Sym.Y-M,UE07RR04,Dinopium benghalense jaffnense,female,yellow,Mantle,SympatryY,D. benghalense,Geno_HYB,0.264424,0.602348,0.133228,7/26/2022,2.28,1.44,0.6,465.43,0.5,,,0.028,0.67,0.353,0.558,556.96,50,99.69,4.7,0.6,0.4,1.1,2.6,0.6,0,27.1,0,55,8,0.558333333,16.73,2.43,1.43,8.22,0.19,0.32,0.18,0,0,0.11,0.78,29.32,1.07,0.044995409,1.937190083,0.880257117,0.323599633,0.61
61,UE09RR02-Sym.Y-M,UE09RR02,Dinopium benghalense jaffnense,female,yellow,Mantle,SympatryY,D. benghalense,Geno_HYB,0.159995,0.723044,0.116961,7/22/2022,2.33,0.76,0.3,439.98,1.289,466.14,1.187,0.478,0.308,0.159,0.486,546.42,50,98.54,6,0,0,1.8,0,2,0,34.5,0,46.2,9.6,0.486315789,11.25,2.33,1.47,8.41,0.48,0.43,0,0,0,0,0,24.37,0,0,1.939720559,0.881437126,0.4,0.538
94,UF01SS02-Allo.R-M,UF01SS02,Dinopium psarodes  ,male,red,Mantle,AllopatryR,D. psarodes,Dino_Allo_R,1.00E-05,0.99998,1.00E-05,7/27/2022,2.03,1.49,0.7,466.14,1.272,,,0.353,0.799,0.472,0.643,595.61,30,99.8,0.4,0.8,39.3,0,2.7,0,52.7,0,4.2,1.160799239,0,0.643489933,0.392528859,0,0.12,0,0,0,0.25,1.4,17.63,13.12,0.9,0.512528859,33.3,1.901427212,1.593529971,0.079733587,0.026641294,0.080607992
24,UF01SS03-Allo.R-C,UF01SS03,Dinopium psarodes  ,male,red,Crown,AllopatryR,D. psarodes,Dino_Allo_R,1.00E-05,0.99998,1.00E-05,7/19/2022,0.94,0.94,1,0.829,460.43,0.687,0.171,0.658,0.729,0.931,0.931,606.03,99.82,101.98,0.4,1.7,8.5,0,6.9,0,73.4,0,9.3,3.407576623,0,0.930638298,1.665842553,0,0.17,0,0,0,0.79,4.38,34.65,3.99,3.24,1.835842553,47.05,1.769084333,1.882543309,0.189986674,0.066247858,0.196075766
25,UF01SS03-Allo.R-M,UF01SS03,Dinopium psarodes  ,male,red,Mantle,AllopatryR,D. psarodes,Dino_Allo_R,1.00E-05,0.99998,1.00E-05,7/19/2022,4.44,2.02,0.5,0.304,,,0.025,0.279,0.427,0.115,0.254,602.18,98.32,100.56,0.2,0.8,15.4,0,1.5,0,78.9,0,3.2,1.031877649,0,0.253663366,0.142051485,0,0.03,0,0,0,0.1,0.44,10.75,2.1,0.21,0.172051485,13.6,1.928321356,1.830108716,0.056937535,0.014925373,0.057318776
89,UF01SS05-Allo.R-M,UF01SS05,Dinopium psarodes  ,female,red,Mantle,AllopatryR,D. psarodes,Dino_Allo_R,1.00E-05,0.99998,1.00E-05,7/27/2022,3.52,1.73,0.5,465.43,0.751,452.55,0.742,0.022,0.804,0.274,0.558,602.41,50,100.94,0.4,2,6.3,0,4.1,0,79.2,0,8,1.341341341,0,0.557687861,0.373650867,0,0.11,0,0,0,0.56,2.2,21.77,1.73,1.12,0.483650867,27.38,1.846446446,1.893893894,0.132532533,0.04004004,0.134413413
91,UF02SS01-Allo.R-C,UF02SS01,Dinopium psarodes  ,female,red,Crown,AllopatryR,D. psarodes,Dino_Allo_R,1.00E-05,0.99998,1.00E-05,7/27/2022,0.45,0.45,1,465.07,0.534,,,0.107,0.531,1.416,1.416,598.28,20,101.9,0.2,0.7,5.3,0,1.2,0,90.3,0,2.4,1.652125487,0,1.416,1.26024,0,0.11,0,0,0,0.5,1.77,67.77,4.01,0.86,1.37024,74.91,1.929459811,1.93298682,0.051048821,0.011323557,0.052521255
92,UF02SS01-Allo.R-M,UF02SS01,Dinopium psarodes  ,female,red,Mantle,AllopatryR,D. psarodes,Dino_Allo_R,1.00E-05,0.99998,1.00E-05,7/27/2022,3.26,1.7,0.5,466.86,0.841,,,0.037,0.919,0.338,0.649,609.31,50,101.53,0.2,1.3,3.1,0,7.6,0,75.2,0,12.6,2.486858067,0,0.648705882,0.797908235,0,0.06,0,0,0,0.41,3.95,23.54,0.96,2.37,0.857908235,31.23,1.749696725,1.942782046,0.22179539,0.073797008,0.226868581
98,UF02SS03-Allo.R-C,UF02SS03,Dinopium psarodes  ,female,red,Crown,AllopatryR,D. psarodes,Dino_Allo_R,1.00E-05,0.99998,1.00E-05,7/28/2022,0.97,0.97,1,449.32,0.66,464.71,0.647,0.506,0.42,0.52,0.52,597.2,20,101.48,0.2,1.7,9.9,0,1.2,0,75.5,0,3.4,5.090116855,0,0.519587629,1.335340206,0,0.05,0,0,0,0.47,0.91,20.46,2.69,0.32,1.385340206,24.85,1.847494553,1.860170331,0.098039216,0.012279659,0.096901169
53,UF02SS03-Allo.R-M,UF02SS03,Dinopium psarodes  ,female,red,Mantle,AllopatryR,D. psarodes,Dino_Allo_R,1.00E-05,0.99998,1.00E-05,7/22/2022,2.94,1.6,0.5,439.98,0.618,467.57,0.554,0.178,0.462,0.189,0.347,601.28,50,101.74,0.3,2,6.5,0,2.1,0,80.8,0,8.3,1.414837656,0,0.3465,0.27027,0,0.05,0,0,0,0.37,1.57,15.21,1.22,0.4,0.32027,18.77,1.86323236,1.894068565,0.11717758,0.020859786,0.118148377
41,UF02SS04-Allo.R-M,UF02SS04,Dinopium psarodes  ,male,red,Mantle,AllopatryR,D. psarodes,Dino_Allo_R,1.00E-05,0.99998,1.00E-05,7/21/2022,3.22,1.42,0.4,442.86,0.707,469,0.593,0.029,0.572,0.213,0.483,604.45,5,102.3,0.2,1.3,4.8,0,2.4,0,85.4,0,5.8,1.972827098,0,0.483380282,0.512383099,0,0.05,0,0,0,0.33,1.49,21.75,1.22,0.61,0.562383099,25.4,1.875860785,1.925367579,0.100688628,0.023636702,0.101728271
35,UF03RR01-Allo.R-C,UF03RR01,Dinopium psarodes  ,male,red,Crown,AllopatryR,D. psarodes,,,,,7/20/2022,0.55,0.55,1,0.643,467.57,0.554,0.07,0.573,0.154,0.336,0.336,599.92,99.51,99.73,0.5,0.6,4.5,0,1.3,0,77.9,0,3.9,7.147147147,0,0.336,1.19952,0,0.08,0,0,0,0.11,0.69,13.68,0.8,0.23,1.27952,15.51,1.792392392,1.934734735,0.126126126,0.013813814,0.123471471
37,UF03RR01-Allo.R-M,UF03RR01,Dinopium psarodes  ,male,red,Mantle,AllopatryR,D. psarodes,,,,,7/20/2022,2.51,1.2,0.5,466.5,0.613,,,0.004,0.173,0.083,0.173,592.26,35,98.53,0.4,1.1,5.4,0,2.7,0,75.9,0,5.3,2.374188312,0,0.173,0.20241,0,0.04,0,0,0,0.1,0.49,6.95,0.49,0.25,0.24241,8.28,1.857142857,1.913758117,0.109780844,0.029017857,0.103741883
16,UC12RR02-R-C,UC12RR02,Dinopium psarodes  ,male,red,Crown,SympatryR,D. psarodes,Geno_HYB,0.063614,0.885081,0.051305,44760,0.91,0.91,1,0.465,468.28,0.394,0.067,0.398,0.144,1.501,1.501,601.05,99.91,99.93,0.8,4.8,59.4,0,1.8,0,30.7,0,2.6,3.944265809,0,0.18989011,2.762453333,0,0.08,0,0,0,0.49,0.27,3.17,6.13,0.18,2.842453333,10.24,1.940537555,1.302835052,0.043630339,0.017673049,0.083442658
18,UC12RR02-R-M,UC12RR02,Dinopium psarodes  ,male,red,Mantle,SympatryR,D. psarodes,Geno_HYB,0.063614,0.885081,0.051305,7/18/2022,3.17,1.45,0.5,0.557,,,-0.021,0.578,0.706,0.38,0.777,602.07,98.6,100.25,0.6,1.3,37,0,2,0,54.6,0,4.5,4.7245719,0,0.584275862,1.779657143,0,0.21,0,0,0,0.44,1.54,18.53,12.54,0.67,1.989657143,33.72,1.922507319,1.598071293,0.065093852,0.019631479,0.112245719
82,UC14RR01-Sym.R-M,UC14RR01,Dinopium psarodes  ,male,red,Mantle,SympatryR,D. psarodes,,,,,7/26/2022,3.29,1.53,0.5,465.43,0.6,,,0.077,0.454,0.166,0.356,603.87,50,100.85,0.4,2.5,10.3,0,7.2,0,64.3,0,8.4,2.67281106,0,0.356078431,0.516313725,0,0.09,0,0,0,0.51,1.69,12.98,2.09,1.45,0.606313725,18.72,1.774746544,1.834654378,0.189308756,0.075207373,0.182728111
40,UC14RR04-Sym.R-C,UC14RR04,Dinopium psarodes  ,female,red,Crown,SympatryR,D. psarodes,Dino_Allo_R,1.00E-05,0.99998,1.00E-05,7/20/2022,0.57,0.57,1,464.71,1.651,451.83,1.624,1.033,0.472,0.994,0.994,599.29,35,101.72,0.1,0.3,4.5,0,6.7,0,82,0,6.3,1.668228679,0,0.993684211,0.884378947,0,0.05,0,0,0,0.18,3.31,42.76,2.33,3.51,0.934378947,52.09,1.836176195,1.948453608,0.145267104,0.066166823,0.146682287
39,UC14RR04-Sym.R-M,UC14RR04,Dinopium psarodes  ,female,red,Mantle,SympatryR,D. psarodes,Dino_Allo_R,1.00E-05,0.99998,1.00E-05,7/20/2022,3.99,1.87,0.5,441.42,0.759,467.57,0.65,0.097,0.794,0.239,0.51,605.13,40,100.09,0.3,1.9,8.9,0,7.4,0,48.5,0,22.4,2.703228316,0,0.509518717,0.708231016,0,0.09,0,0,0,0.53,6.38,13.82,2.55,2.12,0.798231016,25.4,1.614741346,1.858615325,0.351614158,0.080902373,0.325032283
66,UC27RR01-Sym.R-M,UC27RR01,Dinopium psarodes  ,male,red,Mantle,SympatryR,D. psarodes,Geno_HYB,0.063748,0.88307,0.053182,7/25/2022,2.33,0.92,0.4,441.78,0.598,467.57,0.529,-0.005,0.523,0.269,0.682,602.86,35,102.31,0.3,1.5,20.8,0,3.5,0,65.7,0,8.2,1.882175795,0,0.682173913,0.682173913,0,0.1,0,0,0,0.53,2.91,23.35,7.41,1.26,0.782173913,35.46,1.841897233,1.76359872,0.134010917,0.034820252,0.135821758
99,UC29RR01-Sym.R-C,UC29RR01,Dinopium psarodes  ,male,red,Crown,SympatryR,D. psarodes,Geno_HYB,0.141963,0.761081,0.096956,7/28/2022,0.6,0.6,1,436.74,0.445,450.76,0.444,0.272,0.412,0.824,0.824,593.9,15,102.25,0.1,0.7,8.3,0,2,0,86.2,0,2.7,2.736759205,0,0.824,1.14536,0,0.05,0,0,0,0.3,1.1,35.07,3.36,0.82,1.19536,40.65,1.896830085,1.904311872,0.073439653,0.019688915,0.074367592
59,UC29RR01-Sym.R-M,UC29RR01,Dinopium psarodes  ,male,red,Mantle,SympatryR,D. psarodes,Geno_HYB,0.141963,0.761081,0.096956,7/22/2022,2.33,0.95,0.4,465.79,0.557,453.27,0.556,0.028,0.367,0.189,0.464,599.71,50,100.33,0.3,2.2,11.2,0,6.2,0,67.2,0,12.9,1.713515595,0,0.463578947,0.412585263,0,0.08,0,0,0,0.51,3.04,15.91,2.65,1.47,0.492585263,23.58,1.771659607,1.844050828,0.204659222,0.06122449,0.208135156
45,UE07RR05-Sym.R-C,UE07RR05,Dinopium psarodes  ,female,red,Crown,SympatryR,D. psarodes,Geno_HYB,0.18634,0.719564,0.094097,7/21/2022,0.59,0.59,1,441.06,0.657,468.64,0.567,0.009,0.46,0.936,0.936,602.24,40,100.89,0.1,0.3,3.9,0,4.4,0,85.6,0,5.7,0.773502578,0,0.93559322,0.364881356,0,0.04,0,0,0,0.16,2.67,40.05,1.82,2.08,0.404881356,46.78,1.882387941,1.953986513,0.108290361,0.044030147,0.108735026
52,YE07RR05-Sym.R-M (UE7RR05),UE07RR05,Dinopium psarodes  ,female,red,Mantle,SympatryR,D. psarodes,Geno_HYB,0.18634,0.719564,0.094097,7/21/2022,3.34,1.42,0.4,440.34,0.785,467.57,0.735,0.249,0.314,0.113,0.265,600.03,20,99.32,0.6,2.3,8.1,0,17,0,46,0,16.8,9.301835056,0,0.265352113,1.170202817,0,0.07,0,0,0,0.29,2.11,5.78,1.02,2.13,1.240202817,11.33,1.465513605,1.866272938,0.430078043,0.169584476,0.431018351
68,UC20RR04-HYB-M-1,UC20RR04-1,Dinopium hybrid ,female,orange,Mantle,Hybrid,Intermediates,Dino_Allo_Y,1.00E-05,1.00E-05,0.99998,7/25/2022,3.01,1.44,0.5,439.62,0.833,467.21,0.76,0.327,0.536,0.235,0.502,584.23,30,101.47,1.3,2,3.2,1.1,9.1,1.5,4.6,3.5,19,4.670957027,11.1,0.446666667,1.129655172,2.7,0.3,0.84,0.35,0.27,0.49,4.62,1.11,0.78,2.22,5.589655172,9.22,0.478453039,1.914732965,0.803499079,0.163167587,0.37970957
69,UC20RR04-HYB-M-2,UC20RR04-2,Dinopium hybrid ,female,orange,Mantle,Hybrid,Intermediates,Dino_Allo_Y,1.00E-05,1.00E-05,0.99998,7/25/2022,1.51,1.13,0.7,441.42,0.285,467.93,0.246,0.02,0.44,1.473,1.473,572.87,25,99.45,8.5,2.8,1.3,1,4.6,1,0,22.8,5.8,2.62605042,9.2,0.467256637,1.4725,2.3,2.13,5.69,0.25,0.26,0.7,1.45,0,0.34,1.14,12.1025,3.63,0.186833739,1.845146811,0.801757995,0.304282775,0.170260504
70,UC20RR04-HYB-M-3,UC20RR04-3,Dinopium hybrid ,female,orange,Mantle,Hybrid,Intermediates,Dino_Allo_Y,1.00E-05,1.00E-05,0.99998,7/25/2022,2.54,1.5,0.6,441.06,0.664,467.57,0.605,0.14,0.413,0.883,1.335,550.52,30,100.45,11,1.8,0.7,1.3,1.9,1.3,0,20.5,3.6,3.06122449,8.9,0.3304,2.082029268,1.52,1.88,3.49,0.22,0.23,0.31,0.61,0,0.13,0.32,9.422029268,1.37,0.106019417,1.845242718,0.800970874,0.263300971,0.137612245
33,UC20RR08-HYB-M,UC20RR08,Dinopium hybrid ,female,orange,Mantle,Hybrid,Intermediates,,,,,7/20/2022,2.71,1.14,0.4,0.581,468.64,0.507,0.019,0.562,0.582,0.258,0.613,569.5,99.52,100.72,3.6,2.9,1,0.4,6.5,0.6,0,23.3,10.9,43,7.8,0.612631579,15.33,2.79,1.3,8.3,0.22,0.15,1.05,3.9,0,0.35,2.3,28.09,7.6,0.252102282,1.895143298,0.856529947,0.311481037,0.624
21,UC29RR04-HYB-M,UC29RR04,Dinopium hybrid ,male,orange,Mantle,Hybrid,Intermediates,Geno_HYB,0.205517,0.724733,0.06975,7/19/2022,3.13,1.13,0.4,0.478,468.64,0.394,0.001,0.477,0.811,0.311,0.861,591.12,99.95,99.99,1,1.5,2.7,1.3,10,1.8,5.3,3.4,18.7,42.3,11.8,0.861238938,19.27,5.38,0.47,1.55,0.84,0.61,0.71,8.54,2.44,1.22,4.56,28.12,17.47,0.478942398,1.931822474,0.807554297,0.179225685,0.772
75,UC30RR01-HYB-M-1,UC30RR01-1,Dinopium hybrid ,female,orange,Mantle,Hybrid,Intermediates,Geno_HYB,0.205853,0.691955,0.102192,7/26/2022,3.12,1.3,0.4,464.61,0.158,453.27,0.158,0.014,0.86,0.331,0.794,582.99,10,99.2,1.4,1.1,1.5,1.5,13.8,1.3,0,14.4,11.8,46.9,6.4,0.793846154,20.53,2.8,0.62,6.28,0.56,0.67,0.46,5.14,0,0.64,6.05,31.46,12.29,0.306296498,1.9500998,0.924514607,0.324986391,0.781
76,UC30RR01-HYB-M-2,UC30RR01-2,Dinopium hybrid ,female,orange,Mantle,Hybrid,Intermediates,Geno_HYB,0.205853,0.691955,0.102192,7/26/2022,3.84,1.75,0.5,465.07,0.729,,,0.023,0.603,0.188,0.413,589.82,30,99.97,1.7,2.1,2.1,1.7,16,1.5,0,13.3,13.2,40.8,7.6,0.413485714,9.39,1.74,0.4,3.07,0.34,0.4,0.48,3.03,0,0.48,3.69,15.34,7.68,0.375134747,1.920050305,0.897772188,0.343514193,0.764
58,UD23RR01-HYB-M-1,UD23RR01-1,Dinopium hybrid ,male,orange,Mantle,Hybrid,Intermediates,Geno_HYB,0.133643,0.769248,0.097109,7/22/2022,2.24,1.04,0.5,441.42,0.541,467.57,0.454,-0.041,0.506,0.271,0.584,561.05,10,99.93,5.1,0.8,0,7.3,3.5,4.2,0,34.5,4.2,34.4,6,0.583846154,11.03,1.91,1.65,11.06,1.34,2.33,0.26,1.35,0,0,1.13,29.32,2.74,0.093590677,1.932265113,0.995447924,0.567370721,0.651
60,UD23RR01-HYB-M-2,UD23RR01-2,Dinopium hybrid ,male,orange,Mantle,Hybrid,Intermediates,Geno_HYB,0.133643,0.769248,0.097109,7/22/2022,3.7,1.7,0.5,,,,,,0.265,0.086,0.187,574.47,30,99.27,5.8,0.9,0,7.2,3.8,4.8,0,36,4,30.9,6.5,0.187058824,3.21,0.68,0.6,3.74,0.5,0.75,0.1,0.41,0,0,0.39,9.48,0.9,0.096285611,1.923007573,0.98683736,0.589974757,0.627
84,UE07RR01-HYB-M-1,UE07RR01-1,Dinopium hybrid ,female,orange,Mantle,Hybrid,Intermediates,Geno_HYB,0.228097,0.669806,0.102097,7/27/2022,3.64,1.44,0.4,466.14,0.4,,,0.033,0.524,0.173,0.437,558.93,50,97.02,4.4,3.1,1.1,0.5,7.1,0.7,0,22.2,12.1,40.7,8,0.436666667,9.31,1.83,1.01,5.07,0.17,0.12,0.71,2.77,0,0.26,1.62,17.51,5.36,0.276546982,1.882352941,0.846256684,0.310542399,0.623
85,UE07RR01-HYB-M-2,UE07RR01-2,Dinopium hybrid ,female,orange,Mantle,Hybrid,Intermediates,Geno_HYB,0.228097,0.669806,0.102097,7/27/2022,2.35,1.12,0.5,467.21,0.466,,,0.006,0.472,0.241,0.506,569.38,30,96.2,2.6,1.2,0.5,0.5,6.2,0.6,0,19.7,10.1,49.4,9.1,0.505714286,13.78,2.54,0.73,5.48,0.18,0.13,0.33,2.82,0,0.15,1.74,22.84,5.04,0.19829463,1.944484761,0.876088534,0.274492017,0.679
46,UE07RR03-HYB-M,UE07RR03,Dinopium hybrid ,male,orange,Mantle,Hybrid,Intermediates,Geno_HYB,0.210213,0.667844,0.121942,7/21/2022,3.23,1.42,0.4,465.79,0.878,,,0.142,0.395,0.147,0.334,571.31,5,98.32,1.6,1,0.6,0.8,7,0.7,0,23,14.5,41.5,9.3,0.333802817,8.42,1.89,0.32,4.66,0.14,0.15,0.2,2.93,0,0.12,1.43,15.58,4.68,0.246911547,1.958491188,0.889309834,0.322352166,0.66
34,UC20RR08-HYB-C,UC20RR08,Dinopium hybrid ,female,red,Crown,Hybrid,Intermediates,,,,,7/20/2022,0.73,0.73,1,0.718,,,0.291,0.427,0.742,1.22,1.22,605.29,98.54,100.11,0.2,0.7,5.2,0,5.5,0,81.3,0,7.2,1.048100318,0,1.219726027,0.683046575,0,0.15,0,0,0,0.45,4.62,52.4,3.34,3.53,0.833046575,64.34,1.84952274,1.932622122,0.135504398,0.054089463,0.137481003
71,UC28RR02-HYB-M-1,UC28RR02,Dinopium hybrid ,female,red,Mantle,Hybrid,Intermediates,Geno_HYB,0.146052,0.757673,0.096275,7/25/2022,2.67,1.37,0.5,441.78,0.49,467.93,0.427,0.018,0.529,0.238,0.463,595.95,35,100.53,1.2,2,25.9,0,10.7,0,31.8,0,18,6.857994782,0,0.463357664,1.705156204,0,0.31,0,0,0,0.53,4.66,8.2,6.7,2.77,2.015156204,22.86,1.539321655,1.675736116,0.367126351,0.111256057,0.355579948
29,UC29RR04-HYB-C,UC29RR04,Dinopium hybrid ,male,red,Crown,Hybrid,Intermediates,Geno_HYB,0.205517,0.724733,0.06975,7/19/2022,0.48,0.48,1,0.211,466.5,0.177,0.041,0.17,,0,0,589.19,100.24,97.4,0.1,0.5,5.8,0,7.2,0,77.2,0,9.3,1.264866906,0,0,0,0,0,0,0,0,0,0,0,0,0,0,0,1.810081178,1.931470644,0.174627147,0.070606003,0.177648669
47,UE07RR03-HYB-C,UE07RR03,Dinopium hybrid ,male,red,Crown,Hybrid,Intermediates,Geno_HYB,0.210213,0.667844,0.121942,7/21/2022,0.78,0.78,1,443.22,1.226,467.93,1.097,0.587,0.628,0.966,0.966,599.98,30,101.75,0.1,0.3,4.3,0,3.6,0,87.3,0,4.4,1.36484009,0,0.966153846,0.647323077,0,0.05,0,0,0,0.13,2.06,40.84,2.02,1.69,0.697323077,46.74,1.891627623,1.951110206,0.092686902,0.035648808,0.093648401